Date,Australia,Austria,Belgium,Brazil,Canada,Switzerland,Chile,China (People's Republic of),Colombia,Czech Republic,Germany,Denmark,Euro area,Euro area (17 countries),Spain,Estonia,Finland,France,United Kingdom,Greece,Hungary,Indonesia,India,Ireland,Iceland,Israel,Italy,Japan,Korea,Lithuania,Luxembourg,Latvia,Mexico,Netherlands,Norway,New Zealand,OECD - Total,Poland,Portugal,Russia,Slovak Republic,Slovenia,Sweden,Turkey,United States,South Africa
1975-01-01,32.5610297152797,NA,41.6841544072602,NA,42.0561821383686,69.100073960692,NA,NA,NA,NA,103.650448015753,55.7631347065999,NA,65.495415820721007,43.4542267690511,NA,58.540531666913,45.3276077399093,30.137681966147,NA,NA,NA,NA,35.8361852773952,NA,NA,83.7391961608925,104.464535993332,NA,NA,NA,NA,NA,46.3109848806644,33.0873391978168,40.6867197485225,61.9444807441473,NA,NA,NA,NA,NA,43.0450623002138,NA,61.1613325859915,87.0339409680125
1975-04-01,32.6383281325418,NA,42.2521497731961,NA,42.9663938425697,66.8434203042435,NA,NA,NA,NA,102.641385543557,56.928119289074,NA,64.5984520043152,41.6848800576381,NA,57.8368771783718,45.1901128845007,29.342729116318,NA,NA,NA,NA,36.3610814597496,NA,NA,81.356453142611,102.96530198191,NA,NA,NA,NA,NA,46.6039596028803,32.6077935866369,38.9270914558268,61.4727350404357,NA,NA,NA,NA,NA,43.7539254239358,NA,61.1873519765148,83.5289664569393
1975-07-01,32.6532150083492,NA,42.6041658663791,NA,43.6926745891246,65.7208335244279,NA,NA,NA,NA,102.30512000572,57.9938977870705,NA,64.1496206431081,40.0272170405496,NA,57.6362523163162,45.3947035229997,28.7629471877508,NA,NA,NA,NA,36.8257952121503,NA,NA,80.1237202641438,100.926752133122,NA,NA,NA,NA,NA,47.0034378421989,32.4529984194098,37.8146268840116,60.658812115582,NA,NA,NA,NA,NA,44.2375403999659,NA,59.9433584167918,82.152494694785
1975-10-01,31.8509149028172,NA,44.1966811649831,NA,43.9341226085092,64.7035917586303,NA,NA,NA,NA,101.743584028136,56.1701067344186,NA,64.5302434941405,39.2184942187634,NA,59.9441930497858,45.8719108623298,27.7155546573404,NA,NA,NA,NA,36.9764818206046,NA,NA,80.9212857622137,99.3332513670287,NA,NA,NA,NA,NA,49.5820462434597,32.6070499300376,36.7062904043362,60.5167299356119,NA,NA,NA,NA,NA,44.5106579416554,NA,60.1091262729126,83.9163984400699
1976-01-01,31.992958757566,NA,46.7945605104946,NA,44.5434652427191,63.3063842086257,NA,NA,NA,NA,101.152753258537,56.7874254771224,NA,65.0877258652863,39.1773720418351,NA,55.876186942844,46.4990857956313,27.3604182005265,NA,NA,NA,NA,36.5441906217025,NA,NA,82.3719950457697,97.3239169292316,NA,NA,NA,NA,NA,51.786032197183,32.1096282380484,35.5846987570376,60.5141020925868,NA,NA,NA,NA,NA,45.1364938891738,NA,60.1489485985072,81.900854925222
1976-04-01,31.8476112487957,NA,47.215001114561304,NA,44.6510857784645,63.0593356415373,NA,NA,NA,NA,100.781002269369,56.3930368653115,NA,66.0722514516228,40.3282454437441,NA,55.7720871039945,47.3094881936248,27.3474379697034,NA,NA,NA,NA,35.642936783803,NA,NA,84.7885906143375,95.3381870996583,NA,NA,NA,NA,NA,54.1854139465055,32.9648031381477,34.7427107497754,61.0379523109155,NA,NA,NA,NA,NA,45.6285415953244,NA,61.1517160721848,81.7850615405061
1976-07-01,31.4656535574441,NA,48.2373673605961,NA,44.6254868615533,60.5837145600472,NA,NA,NA,NA,100.728598945918,56.1208107729292,NA,67.3713561406156,41.8329749343805,NA,54.6655828077295,48.0516024043897,27.0054355641024,NA,NA,NA,NA,34.8379059206847,NA,NA,87.2762698590822,94.1109587137933,NA,NA,NA,NA,NA,59.107304600812,33.0251408973745,34.5198800578675,61.2356391966685,NA,NA,NA,NA,NA,46.0472458347291,NA,61.1514448019011,80.6098356657565
1976-10-01,31.4930970365849,NA,49.6399973077244,NA,44.9418745654319,62.6835699141173,NA,NA,NA,NA,101.47246711884,56.7777068284933,NA,68.5084617315825,43.2287116986319,NA,53.8012875320228,48.6322355207436,26.073051684684,NA,NA,NA,NA,38.390693692781,NA,NA,88.5060554125042,93.4324492989561,NA,NA,NA,NA,NA,62.1764394311875,33.4304179707794,34.2530060455067,61.543014268227,NA,NA,NA,NA,NA,46.3548845947675,NA,61.4542310367824,78.1439449254095
1977-01-01,31.3824395825802,NA,49.7593038791424,NA,43.9347632088608,61.4173628319125,NA,NA,NA,NA,102.200437470492,55.7823450272531,NA,69.5177189848964,44.4351394100425,NA,52.652775810926,49.4790742420232,25.3748102846024,NA,NA,NA,NA,36.049675576393,NA,NA,88.4433125725981,92.5309391943931,NA,NA,NA,NA,NA,68.692913333628,33.5160470035898,33.6006552075814,61.7109062253885,NA,NA,NA,NA,NA,47.3914270352264,NA,61.7920890546564,75.9743995835362
1977-04-01,31.1792721170146,NA,51.1270303095697,NA,43.4610006834773,62.209885075317,NA,NA,NA,NA,103.345502486339,58.1660603192713,NA,70.0404211044631,45.0329365356377,NA,51.4245787537979,49.5899754149576,24.7866450751837,NA,NA,NA,NA,36.7322821271286,NA,NA,87.0267258518167,92.0502253137278,NA,NA,NA,NA,NA,73.6599404495746,33.3517223237805,32.2771067332194,62.1248390824646,NA,NA,NA,NA,NA,47.7885613495645,NA,62.8914992470476,73.1553178493812
1977-07-01,30.9455569805472,NA,52.4056870688339,NA,42.9239270929986,62.7166928984184,NA,NA,NA,NA,104.316037004127,59.2388171593808,NA,70.2612607644877,45.5488093773036,NA,50.2231416823875,49.8566448942657,24.8627595641453,NA,NA,NA,NA,38.5902585109543,NA,NA,84.5815800005413,91.8738163582498,NA,NA,NA,NA,NA,76.7907523582625,33.3695415190289,31.3377586063403,62.5319220380497,NA,NA,NA,NA,NA,48.0839966542429,NA,63.8835787076919,72.0418251549159
1977-10-01,30.8633184092777,NA,55.1944304540002,NA,42.6052484256858,61.9749461494358,NA,NA,NA,NA,105.489170905799,60.8367999784167,NA,70.7666370179783,46.7713636345905,NA,49.6371122672109,50.2737042670041,25.1994661375072,NA,NA,NA,NA,40.5874512506995,NA,NA,82.7837648706403,92.4661643035521,NA,NA,NA,NA,NA,77.7295569765699,33.2450813107564,30.3643376739683,63.2817757306264,NA,NA,NA,NA,NA,48.381401568371,NA,65.2674092127371,70.4625420169399
1978-01-01,31.100250602721,NA,54.4169908346481,NA,41.5190120647584,63.2267062918937,NA,NA,NA,NA,107.404442334976,62.350517683452,NA,71.7391881277453,49.3460631764601,NA,49.1257051976106,50.6230025547572,25.1827531797465,NA,NA,NA,NA,43.6819462784803,NA,NA,82.6160436515068,92.4332979860706,NA,NA,NA,NA,NA,78.4018227057611,32.8357729296687,29.7797779028613,63.7750689636686,NA,NA,NA,NA,NA,48.1631262092256,NA,65.9535171396331,72.1442525605448
1978-04-01,30.0601097006126,NA,55.2395290350006,NA,42.22848501358,64.083948476782,NA,NA,NA,NA,108.309901050495,63.2434874270821,NA,72.6024972924848,50.7946325764483,NA,49.0015907548901,50.6350977439665,25.9003112233009,NA,NA,NA,NA,47.362377147345,NA,NA,84.0542388831216,92.625464099807,NA,NA,NA,NA,NA,79.4901481036459,31.857193308169,29.0993266944411,64.4250993179626,NA,NA,NA,NA,NA,48.6437997052923,NA,66.6243150950038,70.6972989379517
1978-07-01,29.9604777597906,NA,56.527429793217,NA,41.7498641684077,64.5420130700453,NA,NA,NA,NA,109.76491742176,63.4964435710214,NA,73.6154413827291,51.4170874563196,NA,48.0534558307874,50.5225612139501,26.9228551584026,NA,NA,NA,NA,49.3925262554467,NA,NA,88.1719569771888,92.879293785852,NA,NA,NA,NA,NA,75.7350710811428,32.4225124554631,28.8284002072641,65.3393383997436,NA,NA,NA,NA,NA,49.1564134585341,NA,67.8033781549142,67.8229724876293
1978-10-01,29.4772593808444,NA,57.1894557109287,NA,41.8143142774701,65.7455690184384,NA,NA,NA,NA,111.473692350415,62.3958335919384,NA,75.1273089182514,51.0949710596085,NA,48.663292054667,50.770809051034,27.9846553301758,NA,NA,NA,NA,47.8778600883731,NA,NA,94.263704355352,94.4408587245651,NA,NA,NA,NA,NA,75.4551679149336,32.2753691648262,28.3388644449547,66.4047375219892,NA,NA,NA,NA,NA,49.5877755027676,NA,68.6680380106471,68.7565400467227
1979-01-01,30.2607987255571,NA,58.1646084284733,NA,42.4806907420724,66.192789766862,NA,NA,NA,NA,112.114298812714,62.8440977526977,NA,75.704364392944,49.2571796231094,NA,47.6281477346556,51.0798318441523,28.8213332873494,NA,NA,NA,NA,48.5519836904504,NA,NA,98.6837990306315,96.0594025583894,NA,NA,NA,NA,NA,72.7827488565981,32.2333512993038,27.9440011439275,67.4712543076171,NA,NA,NA,NA,NA,50.6981131350499,NA,70.0735920402574,69.642241319235
1979-04-01,31.1947804925592,NA,58.4947334071046,NA,42.5986335759274,65.8519160829499,NA,NA,NA,NA,112.196593546952,63.87859813765,NA,75.1592978099895,47.0774168246598,NA,47.7071509717227,51.5682648049451,30.3545807219064,NA,NA,NA,NA,54.2365986086887,NA,NA,96.8200273753292,97.6551974526253,NA,NA,NA,NA,NA,70.4147065957058,31.9546658251036,27.1804671654737,67.6978159539912,NA,NA,NA,NA,NA,50.5556171264327,NA,69.9382677488615,69.8596371210257
1979-07-01,31.5019308276644,NA,58.5896258044548,NA,42.0252205521336,67.0147134560213,NA,NA,NA,NA,112.311088885232,63.6943184727504,NA,73.8410977614101,44.6357004798536,NA,48.0509307563141,51.9699353056688,30.3911811913591,NA,NA,NA,NA,50.9369965983226,NA,NA,91.0641131852376,99.0529832820659,NA,NA,NA,NA,NA,69.5065320498612,31.7757480662773,26.3134893459463,67.4491262592149,NA,NA,NA,NA,NA,50.1605979750546,NA,70.0061288205557,69.18998399501
1979-10-01,31.5508670751733,NA,57.8852736359079,NA,42.0123498548654,68.2891999444504,NA,NA,NA,NA,113.046906405684,61.8700552280042,NA,72.586864316906,42.6856551384151,NA,48.4983147745864,53.0595550652544,31.1579426137011,NA,NA,NA,NA,50.9355705565914,NA,NA,84.210250181397,100.597176806369,NA,NA,NA,NA,NA,66.9298919195393,31.7692290695133,25.8432026322967,67.3021026797015,NA,NA,NA,NA,NA,49.680344461533,NA,69.9376263103717,69.7413317174619
1980-01-01,30.9675576744169,NA,58.5778695730411,NA,41.768953299113,69.9359590438635,NA,NA,NA,NA,112.402464974917,59.7325844999598,71.6597747220885,71.858010272882,41.9217881288524,NA,48.3609400401,53.9153210159559,31.4790861041559,NA,NA,NA,NA,50.0357733418833,NA,NA,81.2414097699738,101.451631206779,NA,NA,NA,NA,NA,64.5498319600258,31.9801560983854,25.3451584425359,66.8139633798954,NA,NA,NA,NA,NA,48.5571762513557,NA,69.0081553954838,68.5274178581999
1980-04-01,31.4945786253545,NA,56.1695153031734,NA,42.6262050430348,70.0812045467977,NA,NA,NA,NA,112.573492082501,55.9822524258248,70.8668660186828,73.1411461212914,41.2391701842194,NA,48.9970609278328,54.9278255469739,31.4115573347301,NA,NA,NA,NA,47.2337400719207,NA,NA,88.6559922720122,102.444226677154,NA,NA,NA,NA,NA,61.1856161101437,32.3232924818869,24.7383311456569,66.8338860800895,NA,NA,NA,NA,NA,47.6088593995309,NA,67.7105825327968,70.780765616608
1980-07-01,32.2804968391079,NA,53.9212366730804,NA,43.8358252631841,70.9767883672394,NA,NA,NA,NA,113.546457669405,55.8757628756821,71.0062341414584,75.1567398656273,41.764383148528204,NA,50.1947718398583,55.7061818522485,31.4953150562783,NA,NA,NA,NA,47.1210103252934,NA,NA,98.7226827551891,104.132141718172,NA,NA,NA,NA,NA,57.3635039683179,32.12404748811,24.7578981304419,68.0596183430043,NA,NA,NA,NA,NA,46.7527498224674,NA,68.7027437635322,75.5241862587086
1980-10-01,32.8225059213793,NA,51.6890838306133,NA,44.5174180713146,70.0439055978558,NA,NA,NA,NA,114.56570139665,54.2092604883447,71.9662154764348,77.3607090157711,41.2619581657693,NA,49.2440887196687,56.1504831359398,30.5325357112775,NA,NA,NA,NA,49.3858514373131,NA,NA,111.053517262018,105.878543174679,NA,NA,NA,NA,NA,57.0316518325357,32.2019307520516,24.8605820115302,68.2975266281112,NA,NA,NA,NA,NA,45.9826286850365,NA,67.475785757649,79.1394170851315
1981-01-01,33.7880153707965,NA,50.2664054006815,NA,44.939521913514,71.6006758083328,NA,NA,NA,NA,114.702085405808,52.2565081591897,73.3590274111955,77.9939561168856,40.8619764214214,NA,49.930119115268,56.042308246205,30.031434776648,NA,NA,NA,NA,49.6399544774841,NA,NA,116.735254515755,107.243628039707,NA,NA,NA,NA,NA,55.7024028040027,31.8910133788036,25.2505591457477,68.0858855608399,NA,NA,NA,NA,NA,44.9265953955149,NA,66.1958708350368,82.3959194037126
1981-04-01,33.7809310355965,NA,49.0473413698578,NA,44.2846229354229,74.0316501439081,NA,NA,NA,NA,114.952337904669,48.4367479372249,73.808594487778,76.6471724074149,39.0874290000157,NA,50.1836690315676,55.6231656332535,29.9122019725921,NA,NA,NA,NA,49.0013133360131,NA,NA,113.182240611509,109.171826815921,NA,NA,NA,NA,NA,51.9864754542931,31.5471059400691,25.9842623971902,67.786143905171,NA,NA,NA,NA,NA,43.7571968968502,NA,66.1685707388954,87.5786391087248
1981-07-01,33.0288650236317,NA,47.1954246179366,NA,44.5321494044967,72.9009956404288,NA,NA,NA,NA,114.246975336359,46.0832988153237,73.4183431713531,74.8357085895054,38.3249253441912,NA,51.078576409702,54.4896327470898,29.3756391403198,NA,NA,NA,NA,50.8440950518876,NA,NA,107.485636501824,110.773679566782,NA,NA,NA,NA,NA,49.319689457387,30.9075343244263,27.087059529498,67.2371156279023,NA,NA,NA,NA,NA,42.5568713435409,NA,66.1179586735197,89.5922653521229
1981-10-01,33.8515977101097,NA,46.307346372692,NA,43.8424317003837,73.6621925060116,NA,NA,NA,NA,112.693058305861,45.6968761708232,71.9767458227143,73.1031977940892,36.4787613595175,NA,51.8815349724756,53.5796395186118,28.1831573962981,NA,NA,NA,NA,47.0770914912198,NA,NA,105.148062077873,112.099272825918,NA,NA,NA,NA,NA,45.9987367671622,30.9850013367681,28.5723550952885,66.408664689272,NA,NA,NA,NA,NA,41.3775252368081,NA,65.4770506119148,91.0953221752116
1982-01-01,32.418851996386,NA,44.0045054414506,NA,40.9488225767116,73.6816839536586,NA,NA,NA,NA,111.598134825783,43.5887818935083,70.0501741899039,72.1912221485498,35.2635592942493,NA,53.264204277718,52.5651360511606,26.9724318333048,NA,NA,NA,NA,47.0780467448659,NA,NA,106.384860264435,113.501786866888,NA,NA,NA,NA,NA,43.8294016540397,31.0414873321966,30.051224608802,65.7753436952025,NA,NA,NA,NA,NA,40.71302275226,NA,65.3524086138572,94.008536261932
1982-04-01,32.238357982017,NA,43.1091010948681,NA,38.1778948649826,72.2804207504669,NA,NA,NA,NA,110.383886925375,42.9326189165541,68.7643763092597,71.7359977307125,34.5466333364023,NA,54.1366263810801,51.6951699334079,27.7313903684124,NA,NA,NA,NA,47.4241211627262,NA,NA,108.764584317293,115.160088009628,NA,NA,NA,NA,NA,42.6995885828467,30.98782322543,30.8288001793365,65.5010296451607,NA,NA,NA,NA,NA,39.7099790031988,NA,64.8496619559994,91.4843644170369
1982-07-01,31.2037052732079,NA,43.2187925840197,NA,36.939009525438,71.4588199715195,NA,NA,NA,NA,108.967197378492,41.8644432597917,67.920485819684,71.2505603877571,34.6415471719918,NA,55.314448662943,51.4094050237458,27.7297075142209,NA,NA,NA,NA,44.2411168028576,NA,NA,107.766753845725,116.019299940377,NA,NA,NA,NA,NA,43.073792702229,30.6583686622771,30.6708645803291,64.8221787144238,NA,NA,NA,NA,NA,38.7186399592709,NA,63.6795398454157,92.0664750455643
1982-10-01,30.3815997422167,NA,42.3435877298206,NA,36.7475601016934,72.497991455928,NA,NA,NA,NA,108.077762191341,42.127896969875,67.4361357154873,70.3218421602114,35.1429499946346,NA,57.3527040813424,50.8913415253793,27.88119065147,NA,NA,NA,NA,44.6465777658043,NA,NA,103.665413908481,116.889610877405,NA,NA,NA,NA,NA,42.214630238018,30.3236597293394,30.4099116906084,64.6100271979009,NA,NA,NA,NA,NA,37.8252693444695,NA,63.7418378007861,89.1688819570404
1983-01-01,30.2105308924225,NA,40.828218740044,NA,38.4604994242469,71.5543822145494,NA,NA,NA,NA,108.123071205374,44.6940881618711,67.6610961357608,69.7242750271337,36.7488930633878,NA,58.9685723628197,50.0445452262034,28.4196782130231,NA,NA,NA,NA,43.6787793702818,NA,NA,99.6659324262611,117.825848514984,NA,NA,NA,NA,NA,42.1260865974788,30.7074751738654,30.3360583333301,64.8475561600909,NA,NA,NA,NA,NA,36.5319238883676,NA,64.1702422232205,92.9310230573046
1983-04-01,30.4426947640455,NA,40.1282451871764,NA,38.1149872940131,72.1760748667671,NA,NA,NA,NA,107.758151655368,49.2529859833402,67.4738482672499,69.0804788906142,37.0033488906375,NA,60.2532289158794,49.0817944494982,29.0022772345752,NA,NA,NA,NA,44.2726478649635,NA,NA,97.0722603312721,118.437429646296,NA,NA,NA,NA,NA,43.0637344754039,30.7164816717757,30.7952281999059,64.8404509894096,NA,NA,NA,NA,NA,35.7700057372189,NA,64.2202176233436,96.4540021920325
1983-07-01,30.3661568299359,NA,39.1446540250001,NA,37.4953848181382,73.9312241987606,NA,NA,NA,NA,106.09105096189,49.6973139551453,66.8828706738308,68.1815986176965,37.3604029783356,NA,61.9825601425183,48.2196601568461,29.581013996775,NA,NA,NA,NA,46.0382835869367,NA,NA,94.9716380556114,119.070608147661,NA,NA,NA,NA,NA,42.8452049398129,30.1624845777827,31.5842911513252,64.5790088039697,NA,NA,NA,NA,NA,35.1209016108255,NA,63.9628144159156,99.155053292259
1983-10-01,31.0723626256699,NA,38.7801128323755,NA,36.7767942546144,74.5209573332926,NA,NA,NA,NA,104.779521817667,50.2879637073958,66.0090954437018,66.8883967108303,37.2221057053527,NA,63.2446526557193,47.3921516982268,29.7208426720307,NA,NA,NA,NA,46.7441852799342,NA,NA,90.8447628025298,119.340478439092,NA,NA,NA,NA,NA,41.9316595181953,29.7432645962797,32.4422457239722,64.228617015746,NA,NA,NA,NA,NA,34.5802968604032,NA,63.9951728462087,101.991722485095
1984-01-01,31.3066926045407,NA,38.9029821774364,NA,35.8650153331079,73.7814702231506,NA,NA,NA,NA,103.243067683121,51.353720482014,64.9840972914196,65.6045080123361,36.4120912414091,NA,63.3099766841382,46.5251417997834,30.0137918688209,NA,NA,NA,NA,46.0470145295472,NA,NA,87.7506275740181,119.550775436358,NA,NA,NA,NA,NA,41.587946795414,30.3006879515513,33.0987031298757,63.9046779253968,NA,NA,NA,NA,NA,34.2645650520748,NA,64.1274421965423,101.60625225934
1984-04-01,31.5128239251613,NA,38.65782842555,NA,36.0382336229452,75.4663983811458,NA,NA,NA,NA,101.992696166273,51.6305357617496,64.1924071886842,64.7319280601177,35.809820271891,NA,63.9106399303235,46.0531985025494,30.1050351849432,NA,NA,NA,NA,44.2810604762233,NA,NA,86.1113544553124,119.739147934458,NA,NA,NA,NA,NA,41.0318973812184,31.9217538044796,33.2052955897029,63.8477966375541,NA,NA,NA,NA,NA,34.0036264288541,NA,64.4696282169241,98.6321839670387
1984-07-01,32.851860552833,NA,37.8913414904376,NA,35.8197224646811,75.2947101917892,NA,NA,NA,NA,101.319687849283,52.1978783230874,63.6063192730628,64.1815252392872,35.8072412891983,NA,65.0371147323664,45.7062626254103,30.5820626718738,NA,NA,NA,NA,43.0854819237505,NA,NA,84.4391073285698,120.021327321331,NA,NA,NA,NA,NA,41.2914277289921,33.3339613987173,32.9760398758756,63.9041619429966,NA,NA,NA,NA,NA,33.735280970764,NA,64.6984301103162,93.390702014373
1984-10-01,32.318891148262,NA,37.4835869229283,NA,35.5516375931561,74.8815454975696,NA,NA,NA,NA,100.697616273303,54.2516744972121,63.1226547787663,63.5284073885302,36.2987985267453,NA,63.8171593408782,45.5555597672952,30.9114537295864,NA,NA,NA,NA,42.328899585825,NA,NA,81.4130354471818,120.301649672822,NA,NA,NA,NA,NA,41.3489834011221,34.8953048479595,32.5679209155063,63.9451979245745,NA,NA,NA,NA,NA,33.5530970527006,NA,65.2044340198281,88.4647499644595
1985-01-01,33.2276688773927,NA,36.5787763709225,NA,35.3051927690468,76.1944093382158,NA,NA,NA,NA,99.3510620213603,54.6147152212563,62.4510030549042,62.6221782725021,36.9751236771608,NA,64.0049144570967,45.6353828603542,30.9224141426996,NA,NA,NA,NA,42.631013289364,NA,NA,78.0628437799588,120.300318424314,NA,NA,NA,NA,NA,39.8163719136774,35.5337402528994,32.0605252276467,63.7015366525814,NA,NA,NA,NA,NA,33.0990796871691,NA,65.2341657228743,81.3730461896716
1985-04-01,32.6872013611291,NA,36.2265446411327,NA,35.9297515014245,75.8630531705358,NA,NA,NA,NA,98.8826985070337,57.0818157160622,61.9709398852258,62.1655934319925,36.5073465759163,NA,63.2087348833937,45.6762886120076,31.3714333691416,NA,NA,NA,NA,42.4047507485435,NA,NA,76.2542008736374,120.837929750082,NA,NA,NA,NA,NA,40.6566024261845,35.8659021651248,31.984301477378,63.8773239298607,NA,NA,NA,NA,NA,32.9737381577562,NA,65.7081334344867,76.9137273272685
1985-07-01,33.2567109161088,NA,36.7677083098463,NA,36.6720046611704,76.773206949193,NA,NA,NA,NA,99.2609197448651,61.5417064538579,61.9111514078583,62.2823794337193,36.8315174761464,NA,63.0273733822718,46.0388033655853,31.3652150510966,NA,NA,NA,NA,42.3612525098508,NA,NA,75.7150151166227,121.152695839653,NA,NA,NA,NA,NA,40.0141543179305,37.4247356187977,32.1252690189237,64.362282599959,NA,NA,NA,NA,NA,32.8460327673174,NA,66.5074106788844,73.6516660994032
1985-10-01,33.0970952945769,NA,37.1342666475571,NA,37.4026639387159,77.1324047048766,NA,NA,NA,NA,99.259074363905,63.1214483886459,61.7758678337818,62.3342920679024,36.5635167032771,NA,62.9461112608953,46.5328463169772,32.4638250366035,NA,NA,NA,NA,41.922419688150796,NA,NA,74.8490135802617,121.589469007439,NA,NA,NA,NA,NA,41.0871282719465,39.9958161600254,32.1729932463851,64.9106845756129,NA,NA,NA,NA,NA,32.8853615332748,NA,67.2151007191664,69.9329179439149
1986-01-01,32.8707860292398,NA,37.2145289705199,NA,37.8634387248646,79.3554084866438,NA,NA,NA,NA,99.7497928511831,66.546198420028,61.8677645741558,62.4363433484958,36.0082709045533,NA,63.5340685531539,47.2046365122862,33.3208975562114,NA,NA,NA,NA,41.5051176929419,NA,NA,74.2323265130515,121.900438740903,132.459048256978,NA,NA,NA,NA,41.2258595573003,43.8633884847559,31.969669583082,65.4292065170424,NA,NA,NA,NA,NA,32.9865888477208,NA,67.8687902699551,64.9070504507808
1986-04-01,33.3321522969219,NA,37.6881386984882,NA,40.089042617218,78.6917170971365,NA,NA,NA,NA,101.065110236082,66.4722562950881,62.4574434368463,63.0988512300494,36.9641401485331,NA,62.1590391682708,47.8682468433423,34.3163389526526,NA,NA,NA,NA,42.5745509274508,NA,NA,74.0653230842755,122.793144819023,130.43180667207,NA,NA,NA,NA,41.6815765605598,45.6681827127359,31.4864794844834,66.5381295608852,NA,NA,NA,NA,NA,33.2026309574812,NA,69.3732109303537,61.0815557730282
1986-07-01,32.6205407122139,NA,38.5992043044657,NA,41.2561881320042,80.4362141705674,NA,NA,NA,NA,100.820089805601,64.2380637701712,63.0989609313631,63.9008425017197,39.4603738480195,NA,62.6956183157758,48.5898547938224,35.0468582210366,NA,NA,NA,NA,41.5934358262611,NA,NA,74.1242188365254,123.921315721715,128.615770953152,NA,NA,NA,NA,43.0154841234836,46.363582170644,31.2238718528306,67.3788378996605,NA,NA,NA,NA,NA,33.5794943713442,NA,70.3674723800016,59.0721967588102
1986-10-01,32.0160761294545,NA,38.4537262211099,NA,42.7517229151601,81.7101051225856,NA,NA,NA,NA,100.401963966735,64.5559824420774,63.8240515635633,64.5499384248062,42.3122336413765,NA,63.537476327108,49.2171800199027,35.8711543226782,NA,NA,NA,NA,40.8153104909896,NA,NA,74.5061600327079,125.867415302882,129.859356890812,NA,NA,NA,NA,43.0070062964349,46.4484084621667,30.8869019286044,68.3491679483103,NA,NA,NA,NA,NA,34.2155365582181,NA,71.4814753909887,57.858407482988
1987-01-01,31.8487206174241,NA,39.008128715322,NA,44.6392983826997,81.7493646657435,NA,NA,NA,NA,100.429183837603,59.0625252984483,65.060038310551,65.7685579542732,47.1534759676964,NA,63.4796406783706,50.0626243299485,37.1795303004302,NA,NA,NA,NA,40.3340574844134,NA,NA,75.1234332670943,127.908239904193,125.610866128915,NA,NA,NA,NA,43.4982262502547,43.7368808083509,31.4195271731957,69.3556805231029,NA,NA,NA,NA,NA,35.0615518519795,NA,72.2272034883034,57.4596661567006
1987-04-01,31.8878811706626,NA,39.1492944102099,NA,44.5908249291011,84.6927981999484,NA,NA,NA,NA,99.8159635692974,58.5403454882628,66.1306217740196,66.5398995339043,49.4639533771051,NA,66.1151170154425,50.9832238268501,38.3164958339301,NA,NA,NA,NA,39.1293408113163,NA,NA,76.181984893308,130.982082281788,123.816967515811,NA,NA,NA,NA,43.8802177216816,47.0883531553553,31.953278675539,70.2614318966981,NA,NA,NA,NA,NA,35.452585482409,NA,72.8802779817275,58.00408547252
1987-07-01,31.9355737295564,NA,39.7555872985624,NA,45.3469063721825,86.1038625823516,NA,NA,NA,NA,99.4246128398748,57.6998882263432,67.1351936775656,67.5833997388859,53.282773041728,NA,68.2825714499075,51.9668081139925,39.3884600413259,NA,NA,NA,NA,40.3845719630987,NA,NA,77.0066223942401,134.869697872465,124.587529130704,NA,NA,NA,NA,44.1996013249765,45.3933770975315,32.8985337694407,71.2531597468694,NA,NA,NA,NA,NA,35.9095816588073,NA,73.3490137407892,57.4131496477821
1987-10-01,32.7075092143989,NA,40.1445356553845,NA,46.2711461626725,86.7122408777574,NA,NA,NA,NA,99.5059935610085,56.6526558251382,68.1592130344456,68.6492496342089,56.5736371181317,NA,70.9218210000417,52.9694155808399,41.5587939234899,NA,NA,NA,NA,41.0740330529892,NA,NA,77.8619136633448,136.185707277992,130.571469121374,NA,NA,NA,NA,44.7814643204269,44.906518009247,33.9407553171565,72.2242840695043,NA,NA,NA,NA,NA,37.1048526350211,NA,73.5942103763244,58.6947551798811
1988-01-01,33.4908504569392,NA,40.9137699165299,NA,48.7748382453238,90.4788186798587,NA,NA,65.8819797300682,NA,100.131016542683,56.8147943644893,69.2577522583131,69.4593431557956,58.5176661381591,NA,76.1457637899435,53.9279336380976,43.5834861826623,NA,NA,NA,NA,41.6135873088048,NA,NA,77.9354177502584,137.778732931564,133.110187628838,NA,NA,NA,NA,44.4712290982971,44.9652036568931,34.0668863224971,73.3363112537608,NA,113.12022519702,NA,NA,NA,38.1354639270221,NA,74.2247142779028,58.3153288300795
1988-04-01,34.9001951816028,NA,42.2066668667082,NA,50.5139313234654,93.4529186772631,NA,NA,61.726871853654,NA,99.9527387793523,55.9816005596004,70.3259918127815,70.165623140467,61.6370121913212,NA,82.0534139143524,54.7687046334641,45.3641106453327,NA,NA,NA,NA,41.1486879941729,NA,NA,77.2219766792624,139.031268047142,137.437604877654,NA,NA,NA,NA,45.1248943563778,44.3689148847139,34.7531570732498,74.3788752688307,NA,114.428955447813,NA,NA,NA,39.2167598221661,NA,74.9628067610141,57.8504817013903
1988-07-01,37.8417304584445,NA,42.60269672059,NA,51.5655105406273,95.8718009209533,NA,NA,68.699661228896,NA,99.1145596506856,56.3812994861228,71.2948367272154,70.9607844828306,63.2341443489338,NA,88.1972061189272,55.4372654957104,50.1964867427412,NA,NA,NA,NA,43.5694064674787,NA,NA,79.0004328231868,140.064838113937,141.679709854918,NA,NA,NA,NA,45.7011220189986,44.3103201869058,34.5601901804751,75.4472578677563,NA,116.46392365697,NA,NA,NA,40.7826095729786,NA,74.7581243681774,58.0385221174421
1988-10-01,40.7244841139014,NA,43.0350871777935,NA,53.7392836339784,103.430034778699,NA,NA,65.8244957044466,NA,99.4512071971972,56.1483840715855,72.7764050259191,73.2800938883611,66.120735715662,NA,96.9835687427493,56.0859867110968,52.9080266103152,NA,NA,NA,NA,42.4813219952258,NA,NA,86.4612629112964,141.718744441408,140.240249840073,NA,NA,NA,NA,46.254963237865,43.8863216225776,34.5005864546652,76.9769696389022,NA,119.344033676325,NA,NA,NA,41.6472023509612,NA,75.0053942134499,57.5482508597145
1989-01-01,43.4492787482567,NA,44.5160350449442,NA,57.2730033389676,102.753943621173,NA,NA,68.3912321898181,NA,98.1888253477662,54.363098641523,73.81383462152,74.9826264805457,68.5082015441531,NA,102.196428361099,56.676182766968,53.9434918664357,NA,NA,NA,NA,41.8752116716191,NA,NA,93.6469126979005,143.921610463041,144.066798633781,NA,NA,NA,NA,46.6188990518015,42.2941224234694,35.1082749988178,78.1443229662082,NA,119.38091560683,NA,NA,NA,43.4242803737773,NA,75.0706882855272,57.2845402478412
1989-04-01,43.5520705206265,NA,45.6471461330455,NA,52.974528885253,104.962482116635,NA,NA,71.6569205796867,NA,97.7758633421491,54.0528518084075,75.113858616595,76.1519859765712,71.3098302421543,NA,103.162118704078,57.2252125386985,54.8373194010827,NA,NA,NA,NA,43.155411812519,NA,NA,97.221674531743,145.233125546583,150.425797389274,NA,NA,NA,NA,47.1525933022315,40.1940318600386,34.6976256832297,78.5610466636324,NA,118.912930962593,NA,NA,NA,44.5762144123103,NA,75.0177337653682,57.6708185496876
1989-07-01,43.0035048447613,NA,46.3928878250161,NA,54.8806674713144,105.455873753865,NA,NA,68.6976317641662,NA,99.1791310326826,53.0206225120989,76.7244765906454,77.6635707705422,73.7233647989057,NA,102.730353956804,57.964633542766,54.9982360163072,NA,NA,NA,NA,43.6882976195154,NA,NA,99.9615859710265,148.096771979077,150.349300202376,NA,NA,NA,NA,48.1666561978072,38.4219149142191,34.6627157085871,79.7976674439709,NA,123.221863446895,NA,NA,NA,45.0525603497685,NA,76.185554265669,57.5777981202132
1989-10-01,42.2278285230582,NA,48.1384866716803,NA,56.4453658499922,105.826022322472,NA,NA,69.3378493718221,NA,101.012667368156,52.0257671160807,78.090388129423,79.4942873622894,75.3783284548595,NA,99.6302742332478,58.6064611710261,53.7277102897095,NA,NA,NA,NA,46.4937735378394,NA,NA,105.015612339115,152.835548283184,149.370184301334,NA,NA,NA,NA,48.460006429575,37.5658263065727,34.7840541643254,80.7597859442909,NA,123.76897768161,NA,NA,NA,44.7975941958723,NA,76.497275156641,56.214709741008
1990-01-01,41.7856388679181,NA,49.2510888305276,NA,53.8338032967953,103.570392010238,NA,NA,70.260852447084,NA,101.830116409032,49.5973195257218,78.8203972199505,80.5635869450491,77.5686711464469,NA,94.9338952603229,59.4433736293103,52.7040298258455,NA,NA,NA,NA,47.9952027820133,NA,NA,107.368390527301,157.616093670931,153.95487666432,NA,NA,NA,NA,48.1328687885072,36.413696884684,35.1545670952166,80.9153046097012,NA,123.517760831762,NA,NA,NA,46.3007289071018,NA,75.6617402232926,56.2771119095901
1990-04-01,41.5713311233632,NA,49.1113999197805,NA,50.9624498545677,100.022207346448,NA,NA,67.5187444483828,NA,103.550726006716,49.3294859881208,80.5475110210135,82.2995508860205,77.6597097445628,NA,93.4972207805357,60.0764987856037,51.258494806288,NA,NA,NA,NA,49.4882876214386,NA,NA,113.833521423868,162.121758482267,158.853231844383,NA,NA,NA,NA,48.7246637953673,36.0810526587337,35.1190067779931,81.1855788459742,NA,124.110252859149,NA,NA,NA,45.727782098641,NA,74.9214951134843,56.3991680953067
1990-07-01,40.8473644520127,NA,49.5525974610932,NA,51.8272070345602,98.5136324943894,NA,NA,68.6797970782322,NA,104.838014157333,47.9784710026533,81.7133571520522,82.9664331298442,79.0108758425799,NA,92.4528469159813,60.5006391359942,50.0576886884334,NA,NA,NA,NA,49.4179215494595,NA,NA,114.667507180243,166.882235630356,160.190197839915,NA,NA,NA,NA,47.7237213578708,34.7441919412108,34.7740462321218,81.2611610113564,NA,125.731092222366,NA,NA,NA,45.0812174790531,NA,74.0899509026088,55.6983509975041
1990-10-01,40.0473259488516,NA,49.9289833706504,NA,50.3717295451287,95.1619709480781,NA,NA,66.7676471980419,NA,104.774411220524,47.2450200513698,82.4707389783134,83.1667931047627,79.1554214430879,NA,88.9208834518419,60.7451133716926,48.7469101159037,NA,NA,NA,NA,48.5353992504229,NA,NA,116.183561852876,167.049623305672,164.165872877787,NA,NA,NA,NA,46.9584471850229,33.2533034007985,34.063841012403,80.5780496845598,NA,127.006807021964,NA,NA,NA,43.9340413785743,NA,72.9290956119535,55.372988191523
1991-01-01,39.9496163298721,NA,49.7330710529639,NA,50.9625337051951,93.4624942647335,NA,NA,62.3441127317281,NA,106.076885182317,47.6776450350641,83.1122634081182,83.7707539434176,83.2490493918713,NA,82.5246170323666,61.068236057771,47.3264651515991,NA,NA,NA,NA,49.1443489648105,NA,NA,114.72067855769,167.818310862743,162.20007793478,NA,NA,NA,NA,46.7011795250386,32.8023178275077,33.5803669276941,80.7231786315726,NA,131.080950582766,NA,NA,NA,44.4812592437949,NA,73.0908484514098,54.3852365601308
1991-04-01,40.328368935839,NA,48.9836011584367,NA,53.3761103999446,92.6166641405526,NA,NA,65.777259107936,NA,105.601613009339,47.8586359524912,83.8355158332545,84.1171579296637,83.1190685156431,NA,79.9207070765719,61.018664556671,45.7930009993344,NA,NA,NA,NA,48.1384291860094,NA,NA,117.922790224506,166.851185829557,162.42406700994,NA,NA,NA,NA,47.3986774904309,31.8493141383925,33.1254746415529,80.5378138363596,NA,133.295420900196,NA,NA,NA,43.6020739590668,NA,72.702274799264,54.2442477891291
1991-07-01,41.2993510275946,NA,50.2915125237947,NA,50.9371072164429,94.0266598096508,NA,NA,61.8817570456985,NA,105.077429214303,47.7891315660894,83.8593765442251,84.0344583713165,84.3898967652274,NA,76.102711042111,60.5286712200758,45.2123621279292,NA,NA,NA,NA,48.9779474936665,NA,NA,117.945572871561,165.883847853838,158.319791356325,NA,NA,NA,NA,47.4653239513279,31.3888358337855,33.0175263875073,80.0956755423468,NA,134.09875976211,NA,NA,NA,43.442053974989,NA,72.3354165290039,54.5139850558489
1991-10-01,40.8547807246708,NA,50.7978719532612,NA,50.9620975652296,90.761176085363,NA,NA,62.9397358333505,NA,104.597281275598,47.9484133086034,83.8782727930687,84.0167795703464,84.6575603753738,NA,72.3948456854067,59.8013664638081,44.5861977528754,NA,NA,NA,NA,49.4652789226853,NA,NA,119.442408258477,162.859000972608,150.554749306993,NA,NA,NA,NA,48.0796675968275,31.0932577348216,32.9004000607389,79.7088371262795,NA,135.705380432805,NA,NA,NA,43.5061036365233,NA,72.4678346248006,54.762988061605
1992-01-01,40.4787814406568,NA,51.5224757817273,NA,51.1440557370576,88.3784912253013,NA,NA,60.8707432971,NA,105.91571846885,47.3524994561751,83.6339787245697,83.4013138306305,79.903384852499,NA,70.1759594753829,58.9418883724693,43.7359886328515,NA,NA,NA,NA,48.9055391160766,NA,NA,116.896726431299,160.866934212792,143.805366581887,NA,NA,NA,NA,49.6442007095169,29.8194045639772,32.5761947768271,79.267209326936,NA,137.784630997411,NA,NA,NA,41.5197286128872,NA,72.8653778279764,52.5356564134535
1992-04-01,40.5304439603303,NA,52.6222304588113,NA,51.8297362283486,86.9781370794397,NA,NA,60.4912499349344,NA,106.081341920834,47.1320067306576,83.8896319802355,83.3929241054589,79.4433419318429,NA,66.9976039603657,58.1946366000992,42.7814813414055,NA,NA,NA,NA,48.4771710276812,NA,NA,119.303461106899,157.807828001283,137.111351391504,NA,NA,NA,NA,47.8964476306796,30.1622485692279,32.8909267720007,78.6101258657781,NA,139.776512481865,NA,NA,NA,39.9013162969486,NA,72.3066795680876,49.7705081336517
1992-07-01,40.3800844139225,NA,52.150389574991,NA,52.5326281000983,83.7442381012902,NA,NA,58.6443249263473,NA,106.810809551683,46.4584730662753,83.7139272488796,83.1969942934287,76.5880924245981,NA,61.7270888666315,57.5546588588736,42.2054904923913,NA,NA,NA,NA,48.1244204896932,NA,NA,119.213474221459,155.402714972682,133.572699362278,NA,NA,NA,NA,51.0457821614746,29.3516908749903,32.9871435209874,78.2624707141062,NA,137.421517871081,NA,NA,NA,38.1028395934563,NA,72.4606388289506,47.6026872783925
1992-10-01,40.4651947251441,NA,51.8843007140543,NA,52.7367727489637,82.5338617513724,NA,NA,57.7879428641808,NA,107.333953645319,45.0143398693807,83.7278063954406,83.0599348379223,76.7473845839268,NA,58.0899875349726,57.0869636267442,40.9635184790638,NA,NA,NA,NA,48.3799419419101,NA,NA,119.218253375776,153.128014849471,131.977370332931,NA,NA,NA,NA,50.779768426727,28.7292014995843,33.042677407727,77.8335489054643,NA,135.234738464196,NA,NA,NA,35.4818911360662,NA,72.5240807979994,47.852483128165
1993-01-01,40.7411434222585,NA,52.1293291796301,NA,52.5581453364623,81.094966347981,NA,NA,57.907912453768,NA,106.836169811477,44.4885679520607,82.8034195848956,82.0630827685908,74.4226732022968,NA,55.4955007131794,56.6866986918702,40.8321271934397,NA,NA,NA,NA,48.2997517996207,NA,NA,116.12475108904,150.78241758113,128.738578446201,NA,NA,NA,NA,51.4225373386004,28.2064295953688,33.2675594904151,77.0799315971135,NA,132.570787890385,NA,NA,NA,33.3450243818874,NA,72.1286801829961,47.5053667415582
1993-04-01,40.6382567881555,NA,53.2122797262226,NA,52.4637756858037,80.0854505687723,NA,NA,59.6585607098153,NA,107.165062216523,43.8297551189653,82.5081198466496,81.8820800691102,74.1744980455255,NA,54.4441587496238,56.5957313278134,40.9736016829258,NA,NA,NA,NA,48.424816161045,NA,NA,114.236493783073,149.409743510312,124.908816871848,NA,NA,NA,NA,51.9784675461473,28.7236601772881,33.6676863383656,76.9444368600342,NA,131.44989453227,NA,NA,NA,32.6492062146175,NA,72.364245536973,47.1043600306713
1993-07-01,40.5403948939933,NA,52.7466161116188,NA,51.9526560825905,77.0586810323277,NA,NA,61.1356899071017,NA,108.017634001038,45.859353866141,82.3429483240552,81.7575761481792,73.937233772376,NA,55.3328401721545,56.5750340610125,40.9752871196967,NA,NA,NA,NA,47.8787793478491,NA,NA,111.804171877466,147.354929200311,122.201296509011,NA,NA,NA,NA,53.1795400058946,29.0693600772644,34.126047329066,76.7535640864959,NA,129.463895644416,NA,NA,NA,32.1819100951798,NA,72.5864193478376,47.2124552252674
1993-10-01,40.7358898680552,NA,54.3054853343826,NA,51.5825276773974,77.5714250312125,NA,NA,61.6061257378111,NA,108.671918794188,48.0224145485251,82.2173982428303,81.7561491472656,73.4845140983857,NA,57.4672359178751,56.5019190473305,40.5347784872319,NA,NA,NA,NA,49.1730487027026,NA,NA,109.471797395654,146.591848896512,118.732123990434,NA,NA,NA,NA,54.6071850716248,30.2623860714266,35.0764491305439,76.7422328439877,NA,127.832397892671,NA,NA,NA,32.5625441875154,NA,72.8670617756392,46.8751806272268
1994-01-01,41.1828339628274,NA,54.4453879751226,NA,53.89122542492,79.1811239874009,NA,NA,63.9897691939292,NA,108.881143250088,50.358437497987,82.0863358382894,81.5225121899577,72.8437742391479,NA,57.6190592987811,56.4936269478608,41.1869618562329,NA,NA,NA,NA,50.0670659477946,NA,64.2570705300586,106.98573244794,145.556855144476,113.737417693483,NA,NA,NA,NA,56.5417116688511,32.0888576706718,36.7895455283975,76.9687679758356,NA,127.082295218356,NA,NA,NA,33.1953500817459,NA,73.2667234180018,46.8894950739138
1994-04-01,41.3891955613375,NA,54.8838100949268,NA,53.371784666868,79.2210397049945,NA,NA,64.9205271388263,NA,109.829184122209,50.0248492642823,81.9848851651327,81.2244960943004,71.2563065017363,NA,58.1542156240984,56.1817702617654,41.3084385641435,NA,NA,NA,NA,49.3056807098425,NA,65.7284942512392,105.021622442797,144.489982753781,111.404688318349,NA,NA,NA,NA,57.3513170323326,32.2362210937399,37.9368349345152,76.8481232631556,NA,125.649784803109,NA,NA,NA,33.4128913246829,NA,73.4690198799586,47.5023364011816
1994-07-01,41.7944110231099,NA,55.3802526960757,NA,53.0682117594255,79.3578406559334,NA,NA,70.3100494855944,NA,110.219062630622,49.3243027829829,81.7325454430285,80.9517115901977,71.1346279666558,NA,57.7518753122785,55.7233362159722,41.2915456151912,NA,NA,NA,NA,50.4230247267505,NA,66.4286872687197,102.79054679032,143.98975387157,109.47411471949,NA,NA,NA,NA,58.6213224973158,32.9133994606969,38.9791267480231,76.676034837645,NA,125.960728806274,NA,NA,NA,33.461598370157,NA,73.3951585881392,47.6575810590129
1994-10-01,41.4668535356898,NA,55.2167626804297,NA,52.8249774650639,78.1670744617178,NA,NA,72.9135327279704,NA,110.408009460515,49.6569590234282,81.6558983125979,80.8078086269036,71.3219674830042,NA,56.8269104391443,55.2360183602003,41.3373295921854,NA,NA,NA,NA,48.1172612078406,NA,66.2573639784917,102.724994348422,143.250179749066,108.665178682977,NA,NA,NA,NA,58.7997930573449,33.0815791780053,39.6393934167208,76.5452545839531,NA,126.063615456334,NA,NA,NA,33.0918828210315,NA,73.426330492949,47.2676970949829
1995-01-01,41.6415112307757,NA,55.7142860886351,NA,51.0510651925763,76.6268863303381,NA,NA,74.0725096216451,NA,110.724618749232,50.2813076128783,81.188415204726,80.3469202798521,70.4886121418685,NA,56.6658716741822,54.5417222932231,40.8028013722867,NA,NA,NA,NA,49.1455842681009,NA,66.8862237605003,100.840741550891,143.047156397906,106.761218204981,NA,NA,NA,NA,59.7799314404137,33.454495337881,39.8925508124188,76.2563589018856,NA,123.740023721512,NA,NA,NA,32.8433523877353,NA,73.5472527600796,47.4771515741834
1995-04-01,40.7793899280229,NA,55.7823931573633,NA,49.2040961590168,75.5009407264602,NA,NA,74.0950103101202,NA,110.577295119612,51.9959283837801,80.9252808054072,80.0528545080609,71.1221243844691,NA,56.4589530860996,53.6480842196676,40.7231940394638,NA,NA,NA,NA,51.1296111071747,NA,66.9913742384767,100.159056864956,142.981819611884,104.894294732625,NA,NA,NA,NA,60.1854800078153,33.9710232778501,40.4495415850729,75.9915323635999,NA,122.657980669596,NA,NA,NA,32.6165943571911,NA,73.5119259994546,47.0605078090292
1995-07-01,40.5223650107519,NA,56.3329819479081,NA,50.3209026680007,74.6002184345702,NA,NA,75.2622066193458,NA,109.958886926766,53.4601122891311,80.4916251479152,79.3131775279676,70.2366258721322,NA,56.3224854454342,52.517233219418,39.9546581757141,NA,NA,NA,NA,52.1689131110496,NA,69.5559685778533,98.7112282835969,142.350411470049,102.800517507526,NA,NA,NA,NA,60.9222973356571,34.3122408366898,41.5048331916536,75.8249150593921,NA,122.775918803078,NA,NA,NA,32.1701925031069,NA,73.8977874205692,47.1688307088156
1995-10-01,40.3805191694602,NA,57.286972916204,NA,49.9841546970023,73.3460767566945,NA,NA,76.0824897707814,NA,109.011486978013,54.853050628621,80.5529358257412,78.8889058200901,71.043908429265,NA,56.0002997785834,52.0966800125202,39.9107517524422,NA,NA,NA,NA,53.2290414947278,NA,71.0618931118854,96.8946259681233,141.70452766997,101.728472372868,NA,NA,NA,NA,61.9596648592567,34.9669642018184,42.3502776091017,75.6584051263555,NA,122.388576126527,NA,NA,NA,32.0477050300331,NA,73.9941181500554,46.7249699663713
1996-01-01,40.1522307909828,NA,56.3699127858815,NA,49.3206183155811,71.0401368122916,NA,NA,76.3912595450515,NA,108.722174032231,55.3642077038097,80.6891853667483,78.4391337422585,70.7145086897563,NA,56.0345207311464,51.8269042564021,40.4181506534747,NA,NA,NA,NA,51.7569692260883,NA,73.6978022822113,95.1461452314113,141.05411959006,100.05072467868,NA,NA,NA,NA,63.498004462953,35.6242701039955,43.816279135392,75.5706836922941,NA,122.262138206339,NA,NA,NA,32.2079353842397,NA,74.2507322714744,46.8303149955856
1996-04-01,40.3582801376472,NA,57.1681642086501,NA,49.592014919305,70.4794626764555,NA,NA,76.9435716497708,NA,107.947224216573,56.3515203416687,80.7973588246191,78.1470749900582,71.1451551546043,NA,57.9837141362405,51.6177741638023,39.6495671625254,NA,NA,NA,NA,53.800545221002,NA,75.7127233324831,93.2263822823619,140.082371346579,98.6256920942921,NA,NA,NA,NA,65.123640908778,36.314320928806,44.4248539598974,75.3396647936524,NA,121.686422650799,NA,NA,NA,32.0866408018503,NA,74.2561862242486,46.0115853470095
1996-07-01,40.556163294797,NA,57.106229405998,NA,49.4347324785908,70.7777095374203,NA,NA,74.4662156743245,NA,107.15230374294,57.8156598077258,80.752225809902,77.5918345960273,69.2213846634223,NA,60.4183447968884,51.688991527282,40.2417597530683,NA,NA,NA,NA,54.7138966073505,NA,73.338531659797,91.3098289693444,139.419353077104,97.0852933475555,NA,NA,NA,NA,66.8266640190708,37.1420953602297,44.4702332386063,75.251499708968,NA,120.726113925177,NA,NA,NA,32.446772300124,NA,74.4375540687163,45.2819137139201
1996-10-01,40.474207271123,NA,57.9318398597447,NA,49.2534475163012,69.0846675626743,NA,NA,73.8456259459994,NA,106.433673445123,59.6768157966162,80.7848530108689,77.5409817689673,70.9122025565948,NA,62.152303559602,52.1094719028017,41.4973303982539,NA,NA,NA,NA,54.6838309178628,NA,73.8907756852334,88.9199442623367,138.785508015923,96.6433038726232,NA,NA,NA,NA,68.5423696995144,38.0723021922953,45.0184763859842,75.2924235583747,NA,121.011371350974,NA,NA,NA,32.7969458274914,NA,74.3499800068062,43.966013433303
1997-01-01,40.5985109582129,NA,55.7712036761771,NA,49.9232853697765,67.7557096426803,NA,NA,71.8711069814208,NA,105.534538775212,61.2755891303847,80.0209684931898,76.6242230216914,70.8374069889783,NA,65.6199014764734,50.6741355873212,42.3341796652684,90.6528339102441,NA,NA,NA,58.7068626845698,NA,74.9621957281338,86.6117833525278,138.333283636733,96.4995944928154,NA,NA,NA,NA,70.3763077575953,38.5741026055091,46.1181166931237,75.2049730504468,NA,121.220451377118,NA,NA,NA,33.2735260567215,NA,74.4883283360986,43.981379081391
1997-04-01,41.0246100982565,NA,57.8812557087474,NA,50.3049332784215,67.2498643338551,NA,NA,71.102518138863,NA,104.928843423131,62.3782359572398,80.7981125142973,77.1553775974542,72.6884925799365,NA,66.1125189128212,51.6205420813251,42.7029248947401,91.6799460644539,NA,NA,NA,59.6396245390529,NA,76.1800877633121,86.1932831179405,136.086502306629,96.1894029816032,NA,NA,NA,NA,71.5847642502801,39.7037307425529,46.7333129853314,75.4536994419405,NA,121.386233169731,NA,NA,NA,33.8672916271535,NA,74.9253595607318,44.5012228052844
1997-07-01,41.6937072859095,NA,58.0429534785702,NA,50.1054550108623,67.294519233476,NA,NA,71.4963997179213,NA,103.632800955351,63.3605605278415,80.4060072858483,76.6982306172889,72.0649872841365,NA,67.8406163507525,51.0637973912292,43.8393142858331,93.634712623019,NA,NA,NA,60.7342242713294,NA,77.3012778314093,85.5270407106029,135.583130280613,94.8914682996723,NA,NA,NA,NA,72.6779541075266,40.8691648022013,46.595279359273,75.5540809717881,NA,122.701036727543,NA,NA,NA,34.2351698298947,NA,75.2801430630492,46.277696509878
1997-10-01,42.3055617669046,NA,58.8775627457028,NA,49.5080231677935,67.0051161887847,NA,NA,71.1871011173817,NA,103.311117429053,63.9861023473389,80.3573348482966,76.8371060504102,70.4348443549968,NA,69.0533261099688,51.4426710457814,43.9470184994295,96.4147123116912,NA,NA,NA,62.3200377461562,NA,76.342102206051,85.6237691850918,135.220767091492,92.5972201148866,NA,NA,NA,NA,74.3360830481352,41.7291319814395,46.5570618546925,75.7469496452533,NA,123.122374222318,NA,NA,NA,34.7854157088562,NA,75.8540262496922,47.4569133766986
1998-01-01,43.0944041474792,NA,59.6131970877823,NA,49.1897849944961,66.9270766556011,NA,NA,71.5386877063935,NA,103.588395455788,64.9698878372925,80.1973277282019,77.2564484467955,71.430846585192,NA,70.2614108392096,51.2638666599772,45.6606231926837,99.3982822749033,NA,NA,NA,66.1348038630041,NA,75.7042531891141,85.7133563520098,134.884399365895,86.5279626960507,NA,NA,NA,NA,75.7634291653506,43.3155003837578,45.7861250331732,76.2661940638872,NA,123.10117316168,NA,NA,NA,35.8867079021149,NA,76.7843965679837,48.89042797217
1998-04-01,43.7370910801395,NA,59.5159646891438,NA,48.6359910694616,66.6724129986512,NA,NA,68.8353384029342,NA,102.880069202984,67.2486311616789,80.8607778966153,77.7988041551322,74.1050055885036,NA,71.1591718811219,51.7248104516911,47.3208316331176,100.915581416526,NA,NA,NA,69.5275895418893,NA,74.3513830395222,85.8803232272366,134.501448561328,81.2660442206035,NA,NA,NA,NA,77.5191795421086,44.0433189714742,44.8685439438701,76.7978927805786,NA,123.449899618865,NA,NA,NA,36.6073141607819,NA,77.7199781607849,48.6739656511066
1998-07-01,43.9529317893291,NA,61.1197341524088,NA,48.2618728729101,66.4352458314719,NA,NA,66.6079911342141,NA,102.483596853197,67.8468443405462,81.3623800382632,78.3549709171631,74.7574240740631,NA,72.580519837323,52.3409029634797,48.2949835835293,102.23453584516,NA,NA,NA,74.6059333511169,NA,73.8009337500824,86.097016002575,134.169224081989,79.5407416283908,NA,NA,NA,NA,79.3317747554829,43.8703316271653,44.5196269028723,77.2795782598889,NA,124.825865990857,NA,NA,NA,37.4633170239293,NA,78.5008506258226,48.6642218981269
1998-10-01,44.5876453497559,NA,62.05739789674,NA,48.5888819589619,66.3093059943294,NA,NA,64.8465684305136,NA,102.564198758492,69.4342124065693,81.695470498072,79.0945767011124,74.8187333403539,NA,73.4743637276784,53.1739392209488,48.7228086662583,103.480012697629,NA,NA,NA,77.5971380870602,NA,75.7316795151829,86.82435644848,132.521761292018,77.8027645752505,NA,NA,NA,NA,82.04175117322,43.1188286188083,45.026468174433,77.8458996811372,NA,126.588493255888,NA,NA,NA,38.4324331939308,NA,79.5763842220799,48.0375377096062
1999-01-01,45.3649177510547,NA,63.2818257778235,NA,48.9691026800361,66.5787389239362,NA,NA,62.240172612391,NA,102.865855663779,70.0608871319661,82.5040385186859,80.2841068609437,75.8996781879506,NA,74.3008872159709,54.6296163143989,49.4864030086093,104.381297931667,NA,NA,NA,81.1865506519512,NA,73.9427372681793,87.9175877321324,132.056239389867,77.9302128494692,NA,NA,NA,NA,84.577224274112,44.9629758006577,45.2274653975653,78.6637931371917,NA,130.157555213785,NA,NA,NA,38.7185980087203,NA,80.5351227926806,47.0665459312827
1999-04-01,46.0078376249792,NA,64.3274056228826,NA,49.2087252927391,66.4415179293538,NA,NA,60.554503835023,NA,102.194166117444,70.5498168773186,83.1482609414102,80.8709330058591,76.2315829800575,NA,74.6426198929535,55.248939600598,51.0358610780767,106.545433368293,NA,NA,NA,83.2129265284696,NA,73.9868848562269,88.8533881630323,131.203473041861,78.4480302962025,NA,NA,NA,NA,87.973346867089,46.4966755348153,45.8855169264302,79.2887002795659,NA,131.160841224349,NA,NA,NA,39.6368677642896,NA,81.2938127764619,47.3880772755915
1999-07-01,46.8295433291741,NA,65.5094830451887,NA,49.2496514276515,65.9456755978462,NA,NA,58.3715056764166,NA,102.307900020461,70.8705525168955,83.9629325345849,82.0397968285052,77.4403431996322,NA,76.7891836828296,56.6470565432415,53.5116132135564,108.327979557816,NA,NA,NA,85.288756366289,NA,74.8137258133326,89.8480355081805,130.219535482423,78.4631033884947,NA,NA,NA,NA,91.3565694865532,48.2374404444516,45.952143444452,80.1514523295201,NA,133.871585101273,NA,NA,NA,40.506935259035,NA,82.1232273735311,47.2397674733918
1999-10-01,47.8959557718975,NA,64.7999301641189,NA,49.4766457136587,66.2968464585508,NA,NA,57.2973848693533,NA,102.974036535174,70.848024382566,84.7254644131002,83.1530862157267,79.5814611084274,NA,77.6872848995442,57.50085367868,55.4386754494472,110.605106485536,NA,NA,NA,90.0679230405519,NA,73.0106545921071,90.3862293358729,129.41177679848,77.9401901980407,NA,NA,NA,NA,95.632040928974,50.2120970039697,45.4737626683084,80.9196508674974,NA,134.265237875445,NA,NA,NA,41.0859794053301,NA,82.8912982711868,47.9812133946473
2000-01-01,48.6157647006297,79.4704818992547,65.8930136422193,NA,49.8775205197758,65.3489190453759,NA,NA,57.3753621247122,NA,102.56315178675,71.4773600126001,85.2764532128298,83.8406694774853,79.6471781587232,NA,77.559645372615,58.4070233057818,57.3152015218641,111.659851493253,NA,NA,NA,92.6227628428151,NA,69.6727793195656,91.6385683360881,128.393362206026,76.6129124364776,NA,NA,NA,NA,98.2864003513435,51.9760303449614,45.0400342258164,81.4903496970419,NA,135.903415631459,NA,NA,NA,42.1786583850482,NA,83.6400404791922,49.4468726476071
2000-04-01,49.1661803848641,79.5322870334216,65.6726541668062,NA,50.1724578422422,65.3308817056325,NA,NA,55.9620654002876,NA,101.689376979688,72.745569642518,85.9091254546126,84.3820234460372,79.7145036033771,NA,77.8419360673491,59.2165739053321,59.291856819591,113.805261885905,NA,NA,NA,96.5018236985529,NA,70.0483351494259,92.8706588888926,127.544173684862,77.7085849972445,NA,NA,NA,NA,101.731203857463,54.1226169197852,44.8594260307851,82.2609095077654,NA,136.703576454409,NA,NA,NA,43.705852585782,NA,84.6701389232379,50.3684366658801
2000-07-01,48.0971584341778,76.3965849204931,65.2818148080375,NA,50.3001327609011,65.6062977837399,NA,NA,54.9629070143615,NA,102.170488162414,73.6899998241283,86.1864137491756,85.0022038188479,79.3868733756643,NA,75.7677113671393,59.9699859160989,59.7645280485833,115.159023189119,NA,NA,NA,98.501779345037,NA,68.9418039625085,94.2439213683382,126.511270762951,75.8946777891557,NA,NA,NA,NA,105.152312440472,53.7534773372916,44.4202903369715,82.6345292460803,NA,137.464788616546,NA,NA,NA,44.7627936879044,NA,85.5022047666431,51.8847242884417
2000-10-01,48.9384932711813,77.4134533140995,66.5976132875204,NA,50.4693003426007,65.2232656740638,NA,NA,52.5911595531554,NA,102.521781762896,74.5884706728515,86.7242078771604,85.8853733009255,80.7458381711447,NA,74.6433742826863,60.3694085008815,62.5974116915518,119.872697807603,NA,NA,NA,102.007145888628,NA,67.8735719385894,95.1306637607232,125.49763736561,74.6899294309308,NA,NA,NA,NA,107.502747418916,54.1617278913775,43.7545208648534,83.419534742695,NA,139.99755568774,NA,NA,NA,45.5017270175235,NA,86.5213163953416,53.3629914987402
2001-01-01,49.8432280313508,78.3616769327824,67.3784082397009,NA,51.0196250032418,65.6856003233304,NA,NA,55.2261029475211,NA,101.856037321592,75.5690404434068,87.4378189056833,86.7617013679435,82.4574796918203,NA,73.6768691175762,61.5398837369382,62.8038289709967,124.489596416942,NA,NA,NA,106.321331806693,NA,67.3467125741806,96.5985427957905,123.962795842834,73.5210127453796,NA,NA,NA,NA,108.486868408975,54.3045908003214,44.0765273515795,83.9827032591482,NA,139.685416156991,52.3157512251531,NA,NA,46.6023248435151,NA,87.5196826497525,52.511000905993
2001-04-01,51.0714404908775,76.1608552177548,67.3196205349902,NA,50.8565679796216,65.1226782792442,NA,NA,51.905399624928,NA,100.793486558306,75.4299153607854,87.7858363615926,87.0963578183906,83.446916130733,NA,73.2881663058585,62.4682025693963,63.7578002825408,127.417606028156,NA,NA,NA,105.45998967925,NA,65.578876496267,97.4056321849823,123.320591387761,74.749971319599,NA,NA,NA,NA,110.493546494515,54.9079344614716,44.109440685091,84.5233679261101,NA,140.020157134571,52.9911528377556,NA,NA,46.3327823860588,NA,88.5123233964822,51.8504735909141
2001-07-01,53.7234208763887,77.8910906983837,67.7343548803087,NA,51.5843874545135,65.2034438374209,NA,NA,52.8183997306338,NA,100.414330153541,75.7327901021059,88.5562654624651,87.7984664431131,84.4666159942751,NA,73.0741856370363,63.3206804142259,65.4345116817623,126.666466533518,NA,NA,NA,105.759660631517,NA,65.9504745173321,99.0495701187156,122.24254999705,76.6547419982522,NA,NA,NA,NA,112.415290590936,56.9101151541389,44.4107131982124,85.4833086486495,NA,139.739724315619,55.2845370517781,NA,NA,46.7366067042203,NA,89.8313581853635,56.0057195403647
2001-10-01,54.9158176152985,75.8414234618614,68.2163745993889,NA,52.5506030884036,66.403836369485,NA,NA,53.8910800712627,NA,99.1301516848109,75.78579779369,89.5526108214326,88.6416522905392,87.6032489984817,NA,73.6735742269436,64.5912520812423,65.45871181428,133.451762641579,NA,NA,NA,103.685723938212,NA,66.2801766750063,101.116326150015,121.230259552427,78.4939890899776,NA,NA,NA,NA,112.787832699686,57.739753999783,44.8959583899592,86.3202186161384,NA,139.337987371676,59.6381171187722,NA,NA,46.4289185826327,NA,91.1772777614285,56.558359424626
2002-01-01,57.0398241914542,76.4679899772861,69.0342339917626,NA,53.3783306425071,66.2424985735508,89.2135323085676,NA,50.7650268472125,NA,98.0768925536388,76.5195098613194,90.8322456575277,89.4711064151144,91.4321671297049,NA,74.9485341536354,65.3663051763397,68.1440301147389,136.991162641759,NA,159.111357825398,NA,103.947655296918,NA,68.5506432626281,102.669156061555,119.826099504662,82.8074667501811,NA,NA,NA,NA,113.660352707032,57.778549788474,45.891792954709,87.4580480498489,NA,138.163058961909,59.4545046482615,NA,NA,47.253969830066,NA,92.5370303070719,55.8284765157348
2002-04-01,59.7999870527193,76.2284152055575,70.4497373562371,NA,54.2888002259486,66.0574065609514,91.8996272387443,NA,51.224436146196,NA,98.3406124867306,76.7582917467476,91.9346540627363,90.8690595472994,95.384412106663,NA,75.7406588223817,66.9875733475385,72.300107879593,143.818399281591,NA,157.832033837754,NA,106.211246939522,NA,68.2107321586965,103.916488789306,118.54921913179,84.968786559251,NA,NA,NA,NA,114.126793211262,58.1881018543866,46.9966738331827,88.6771298022351,NA,136.676926763815,62.5057454418771,NA,NA,48.1332307625248,NA,93.5253072520756,55.8474519016851
2002-07-01,61.7762912473391,77.5912153596923,71.6110852659519,NA,54.926603701093,65.2054901551957,91.2873755640403,NA,51.3348175595899,NA,98.2498215767449,77.0208644656369,92.8910851450099,91.9677011495949,97.1993035743242,NA,76.8882236828715,68.7510736158191,76.3118793141957,144.461101580711,NA,155.79718458535,NA,107.657570584595,NA,65.7858613418445,105.634455914498,117.196208276323,86.879416297238,NA,NA,NA,NA,114.676435462708,58.1371923177318,48.5262462198506,89.8146501084531,NA,134.775309055257,64.3760486991791,NA,NA,49.475230395796,NA,94.8667148802212,56.43892030551
2002-10-01,63.2091180229087,76.3339682088125,72.9472737113241,NA,55.7165639665661,65.4294844352904,89.8835365883725,NA,49.4836537128179,NA,97.2592537902529,77.449633474783,93.5690395259607,92.9490695848576,100.592880027273,NA,78.726731324159,70.4072431907493,80.4822903175983,145.974160734211,NA,152.246560568569,NA,110.54729494924,NA,65.035746092284,107.514130878,115.584285002022,88.3962244998425,NA,NA,NA,NA,114.762528175696,57.7436356792645,50.3244636500965,90.9155453790165,NA,133.74774614493,66.0141052396603,NA,NA,50.1990002912443,NA,96.3173446727861,57.27260047827
2003-01-01,64.930917467523,75.8996708154561,73.0122234189097,NA,56.7003875663006,65.230714727104,89.6831103069478,NA,49.3713129495253,NA,96.0348953201157,77.0514008265763,93.9413958769358,93.7091771490347,104.813857450747,NA,78.8800468322186,71.6509454108296,82.9110483039895,147.966791438894,NA,151.421258133049,NA,113.761158157263,NA,63.7079749865615,108.90289709747,113.983508147517,88.7084096164489,NA,NA,NA,NA,114.959287559638,56.283394597399,52.5508598720785,91.6089146051127,NA,133.338946231034,67.2559647786375,NA,NA,50.080035131676,NA,97.3372011012935,59.2118662964042
2003-04-01,68.2020233461273,75.8644311799599,74.0286774201007,NA,57.666680665831,66.0669482721514,89.1020096072271,NA,49.0783591157635,NA,97.6417964458428,78.1422224657974,95.0983363805751,95.7517329164915,110.435443366505,NA,79.3883383110989,73.7120590547748,84.2864608313827,146.063535142451,NA,157.321177445725,NA,116.007065448905,NA,61.9567270800676,111.326726496493,112.476488490128,90.3865087129215,NA,NA,NA,NA,115.803257346137,56.769297475322,54.918780416280804,92.9448391916015,NA,132.498125369303,67.4311111482042,NA,NA,50.8729915938691,NA,98.8845746936469,61.494365682194
2003-07-01,71.9637724317153,74.2729714212602,75.1362700763486,NA,58.4246454435052,66.4486668605612,91.1978365933359,NA,48.784627369687,NA,96.4038303905759,78.8643882980946,95.9554499889723,96.6477342320455,113.697159918606,NA,81.3331736757612,75.5099421077258,85.2760691116252,146.246772378229,NA,151.96341536736,NA,118.550662829574,NA,62.8311088581546,113.738708869091,110.86000322382,91.5026533668594,NA,NA,NA,NA,115.402003256113,57.5904281013869,58.5441208753591,93.8332507832838,NA,132.236991690389,68.6074702737478,NA,NA,51.3186171139348,NA,100.214161892384,64.7137756109993
2003-10-01,73.931369785552,76.7913050220922,76.7337551079867,NA,59.8086968442255,66.2454628502997,91.447531359076,NA,49.9300315981051,NA,96.3613631136136,79.6750392178208,97.164511513099,98.3436370200177,118.304392305765,NA,82.9311871751427,77.7164984781987,87.3649279397813,146.81603033693,NA,156.18943332421,NA,122.306009582674,NA,62.9295240688124,115.95153466532,109.321628849808,91.5184277483222,NA,NA,NA,NA,116.76898688762,58.5294472338979,62.1381788300724,95.1356595557966,NA,131.981626626316,71.171967113599493,NA,NA,52.4294474974838,NA,102.027502332804,69.5088921997865
2004-01-01,74.0051343981002,69.9140407639202,77.6973135757218,NA,60.7901666039107,66.792332801784,92.8146719946393,NA,49.5684877739203,NA,96.2542199511761,81.2971025768911,98.0147547288092,99.6199643713109,122.630388039301,NA,85.2422990359788,80.3334807753566,89.085295065313,144.386770665613,NA,154.483764669795,NA,124.401132660752,NA,62.2500458710579,118.016043822655,107.546085026334,90.3422446893674,NA,NA,NA,NA,118.495053373974,60.9716700656746,64.1850898424311,96.0188695571316,NA,131.765581095664,73.8683321914957,NA,NA,53.6158194396776,NA,103.440035634778,72.0862140543514
2004-04-01,72.7252746941846,73.6370859045558,77.7942266643634,NA,61.4942458652655,67.5177144645189,92.3986716354379,NA,50.3306186406841,NA,94.1917646023355,83.1977623680063,99.1224103306928,100.377252779795,125.961435403235,NA,86.7603483977132,82.5452904400751,93.1135833799238,144.23989004764,NA,150.830289930464,NA,127.822158073939,NA,63.078933086145,119.773436726353,106.137139850174,89.3369945068191,NA,NA,NA,NA,118.557350733178,61.9803122004051,65.6483085229516,97.0458823194204,NA,130.602618677176,75.8940944553858,NA,NA,55.0067441806846,NA,105.311141704202,76.5860646492906
2004-07-01,72.4785706788473,73.4045443380863,79.8571293713858,NA,62.3742676071753,68.8033231896201,93.0608352262166,NA,49.7619374866414,NA,93.3321025918711,85.4641518629927,100.447975016094,101.558917808251,129.113014923306,NA,87.5491822417748,85.3262192671522,95.8491330009041,145.416805295449,NA,148.511790189889,NA,129.966131548204,NA,62.0436841450345,121.709481127841,104.799536399285,87.2648439244025,NA,NA,NA,NA,119.110272485977,62.7722372580304,67.2041081745579,98.2049787763932,NA,129.919271199726,77.6965653144136,NA,NA,55.9284201238568,NA,107.502276365591,82.3375605398649
2004-10-01,72.9089307846716,74.9138093813639,81.8554161322398,NA,63.238817668477,68.9598387029951,94.5935618331576,NA,53.5693182376993,NA,92.912710906434,87.7902644070683,101.841932252966,102.996611716459,133.121814720728,NA,88.1730541832338,88.1951203597059,96.5356983006517,147.113725533115,NA,148.743200115226,NA,130.043245086817,NA,60.9256182894929,123.457115831648,103.314476460339,86.3786636361015,NA,NA,NA,NA,120.107752922566,63.8025516220632,68.5626867878246,99.1742036187105,NA,129.030289990628,78.7062776872821,NA,NA,57.4723224419841,NA,109.2156432632,87.4287754371649
2005-01-01,73.2096082681247,74.1069658340795,84.4358454810163,NA,64.3156224718267,68.7549238329604,93.1509003511381,NA,51.7421940247483,NA,95.1667220410782,90.8681193217836,103.230238652457,105.357709376281,137.812349749665,75.3992756291415,90.6062457918969,91.1367801677316,97.01053150142,150.653560106145,NA,144.111471355377,NA,133.260495061739,98.0495945613464,60.3054464068442,125.260255742784,102.248561319308,86.2790697712618,NA,NA,NA,93.5229379099416,120.849417826151,65.7550788899415,70.9132613447276,100.586373786517,NA,127.557219584237,80.5252516782509,78.3162632369413,NA,57.7320599428286,NA,111.316600561979,92.684825473303
2005-04-01,72.9620353275758,74.6513802146329,85.2668255658513,NA,65.4150860901457,69.1667084286383,92.2351204746099,NA,52.5630030426348,NA,92.8604286654457,94.1494482711656,104.353914258756,105.971516089311,139.998160743257,82.8243668969265,91.2150727128561,94.086852304607,97.9386024750202,154.933853734553,NA,143.166937237513,NA,136.10583999536,107.762726647993,61.3329199951531,126.47450622585,101.138038617398,87.3071291865923,NA,NA,NA,94.1843192534005,121.141935607209,65.7815911047315,73.1870692432825,101.607041835486,NA,128.042558175126,83.050161861591,78.3873457875308,NA,58.4224340899676,NA,113.547068012741,96.0133702705365
2005-07-01,72.2597966721008,74.3535636008648,86.5864671640117,NA,66.0504671865715,70.3446893365075,92.0884497807634,NA,53.5146016062507,NA,94.5457731406554,100.972469084129,105.361464188984,107.748212306621,142.139603381984,88.1109013948401,93.4452771094877,96.7656162353575,98.5325712342701,158.541882409771,NA,138.726982057309,NA,136.904549617387,114.177080348237,61.2157886766898,127.669181972081,100.173740021831,87.9221135672588,NA,NA,NA,95.6491842927428,121.526993446274,67.1302580572754,74.836590011518,102.796074319042,NA,129.293407039641,84.6561080364751,81.8578464976744,NA,60.2464981442512,NA,115.292039205306,99.3607337827449
2005-10-01,72.7423259982193,76.1254638100974,88.6401642250634,NA,67.5221578986345,70.7895226886973,91.4774130354232,NA,53.3831757322796,NA,93.0284509468547,107.696445494889,106.787414743163,108.92842458548,146.319106802913,97.2510564610038,96.2048066790977,99.467166229115,99.1216824520469,161.883984039942,NA,134.952629540819,NA,143.536255824568,118.090774350014,62.0302449345046,129.170370168224,99.4820163422799,87.8109424017679,NA,NA,NA,96.1527926361071,122.081160162978,68.4040540512072,76.8805554606662,103.793650252643,NA,128.52310453356299,87.6008580382498,82.7896362280935,NA,62.9872599582477,NA,116.824471533885,103.260865704378
2006-01-01,73.4321767460066,76.1336989196957,90.1606674507131,NA,69.2090896655676,71.8449354044854,90.520913762476,NA,55.2817154352054,NA,92.7804360876463,115.542003842683,107.941196217085,110.103788330174,149.239873507729,108.928551793559,95.9199281337925,101.899355506105,100.794337701835,167.206802143847,NA,133.215565504906,NA,146.733161173035,121.545779493167,61.1759799730923,130.572046821666,98.4450632660785,88.9540936608407,119.418750857847,NA,122.209485597545,96.6648565937424,121.925801179101,70.4970406262829,77.8208903144177,104.728491134261,NA,127.534338793849,95.0741645744438,85.2628747726081,NA,64.9447086012613,NA,117.955541450132,106.679288139455
2006-04-01,74.8475060200885,76.2374311609496,91.2968925089675,NA,71.2420693275664,72.4448017115853,88.8055235779173,NA,55.496225348833,NA,92.5913971428982,120.02490362929,108.849401984218,111.138134670982,152.142647135939,116.868015858629,97.5316281410525,103.849042582066,102.079186938273,169.463115079617,NA,131.69149532725,NA,151.016364488304,119.518436689899,60.0824046851334,131.301188721203,97.9796163746302,90.258253412963,117.640061128017,NA,132.501343024995,96.6473367886177,123.016010868212,73.0520264758774,78.03141799898,105.238132261778,NA,126.749923663002,106.257595934122,87.737356364639,NA,65.7708068116689,NA,117.870752655817,110.195449137023
2006-07-01,75.7669710878262,76.5393138408974,92.3554460848398,NA,74.0267709914841,72.5910891112458,88.5721426805677,NA,58.2689525297517,NA,91.6637472157585,120.80393273465,109.744641250944,112.030308389809,156.923100686656,124.208579390131,98.3114970900493,105.30528851038,103.29542322206,172.145013889024,NA,130.449526289814,NA,157.949236841883,118.316436992778,59.8194216370165,132.104905543461,97.1859894587428,90.7958608659364,126.755538597465,NA,139.824704461861,96.4939814295262,123.224783590759,76.2413855300953,79.6847181517437,105.479940450968,NA,126.13704011097,119.769925364873,89.6441086926955,NA,66.681036363285,NA,117.258800868217,112.737871878719
2006-10-01,76.3748575163271,76.3234750316691,93.373995147693,NA,75.806007673193207,75.8795764427402,87.7750657552327,NA,59.1686700798393,NA,93.1478951756339,121.703709276479,110.973719073557,114.097936154587,162.542546441514,135.032451888332,100.409320517629,107.188637158851,105.575740602248,176.374585333264,NA,123.676854431744,NA,160.27693346169,117.900677131803,59.241588006003,133.637519601681,97.5831851145723,96.9623446051718,139.206072943641,NA,154.90210581603299,96.8565155630334,124.737906528001,78.384866569729,82.0210756786526,106.936282190522,NA,125.985143149867,136.25356783136,95.0075202786407,NA,68.6133899389705,NA,118.049866243153,113.9036489579
2007-01-01,77.118457920975,77.3200315980452,95.0294916182033,NA,76.4792739470911,76.7396785255149,94.8998080978686,NA,61.7257783319286,NA,88.3105157361757,122.266182921016,111.372204118442,113.380100817094,164.244239864503,136.571662487441,100.874878738608,108.337149926721,108.893669989169,175.219299538929,124.963818134923,121.369083790468,NA,163.349341976249,120.085026251505,57.8797500352201,134.785621203183,97.5898261231451,98.8093292879442,146.200777129184,82.5281507671973,167.393238878125,97.7972583227343,125.262264852288,81.2187062787369,84.9347140424147,107.091583472719,NA,125.466506075491,145.482333552393,100.965003086099,134.632034293075,70.8693130377319,NA,117.642997381586,115.460418011332
2007-04-01,79.1380020221826,78.4848725085736,96.0265206965305,NA,78.8895628910323,76.6327410390225,92.6721958144847,NA,63.492623719293,NA,89.3708076025852,120.740220653759,111.710861427032,114.202768773008,165.198918121041,141.224765271881,101.804398351832,108.832482725018,110.213470408001,175.912412641188,126.200070860891,117.357558498569,NA,162.284206541854,122.565586167118,58.9810919390787,135.399125794352,97.3615697903887,98.4076484075555,149.411127333095,81.7428883215821,168.096729348151,100.061949300164,125.937649235761,83.0178660926996,87.3983445889863,107.258017529028,NA,123.033822235556,152.559856264344,108.005235517468,134.958161014312,73.6109670907004,NA,116.431025094582,119.691782508359
2007-07-01,81.8876720736806,78.6919975546623,96.7657400703713,NA,81.0199726669711,76.4185777897735,90.4783498057922,NA,64.339155105168,NA,89.5127114731935,120.573672454725,112.161843449524,114.74825327281,166.045202047872,135.845340100953,102.365613092394,109.276418078187,112.164177816578,176.736705623516,128.647709637277,114.450239436334,NA,159.339858441032,126.21535050795,59.0172019153602,135.978663942088,96.9586329481069,98.7814354560184,152.877813652624,84.6662995437607,171.254710411519,98.791102067857,127.336767000956,84.0313029075837,87.6747781797416,106.911070236487,NA,123.530065224485,154.9085178432,116.749951253622,138.683794409242,75.8417227209568,NA,114.329592915939,121.375446571158
2007-10-01,83.8429760624232,77.2759975205395,96.8792371864594,NA,82.3575641376367,76.0866273654662,88.3781014310549,NA,66.9960284164676,NA,89.2600286370207,119.02466733661,111.870378806787,114.560449472554,164.499154624578,130.375575189077,102.510430516125,109.878977842036,112.386240998591,174.081011861827,129.771491376545,111.4369967827,NA,157.512447636272,129.265345215844,57.769224566857,136.313475736664,96.9073301302501,99.9105283181676,152.092982648716,82.7215794225111,163.799207126533,98.0991457500628,127.842160010639,83.2117912044311,86.5771733699629,105.864015140972,NA,120.202697868964,158.828663738776,123.688325105285,140.449315672155,74.797611851279,NA,111.223717952507,118.242810978189
2008-01-01,84.04304744545,76.887779838921,97.1157890564607,56.6128292153014,83.3949064904272,76.3942815025306,89.0101186248384,NA,68.7966341869688,104.971221511101,89.9085817978534,117.091030410524,112.256448685569,114.407238139758,163.217622626231,124.724080669917,102.712177289446,109.302429785945,109.359982684415,171.884029687241,123.79300927188,109.611049566104,NA,152.977244599994,128.98643342562,57.9771316727268,136.721621021694,96.2687048025087,100.561894801646,154.208069310783,83.3169275073366,167.966799372065,97.2716485178354,126.544666062856,82.5173853889661,85.2258872880353,104.355671237032,NA,116.005431130559,165.551529547888,129.901408376844,140.694531366296,73.8893566784797,NA,107.70133055212,117.122218950702
2008-04-01,82.2312860482952,75.8246302404976,97.1009685811835,57.8283825918902,83.5837492289068,77.156869725016,86.7538929905121,NA,70.5815048693324,108.052022210181,89.1791075712135,114.637718515428,111.493876283642,112.86732622712,158.342872371975,116.449569737016,100.343235361548,108.012926611046,105.928820055474,170.881389010622,124.210662001535,103.839101408454,NA,151.094199634774,118.499315037527,58.6578189030559,134.340992698676,99.7258098648098,101.78731554866,153.154286520679,84.2280536980248,161.639870942766,97.0839333945405,126.60799700971,81.4011585040617,80.6096070625725,102.749117209185,NA,111.943192887467,171.27109157596,132.041028648832,138.51917044756,73.7221506449462,NA,103.666909170851,110.680781725715
2008-07-01,80.1524130656604,77.0806654752491,97.1282044041969,58.9939118500946,82.5561019565353,78.3840775103833,81.1642252917676,NA,71.5189986113276,109.425369345202,87.7399715118924,110.223422642361,110.329278637129,111.280959557557,154.725473763497,114.152940079403,99.0223771167301,106.578014976945,99.3143476329545,170.498393121909,121.270491024385,103.407610730454,NA,145.096426922986,111.906445617712,60.4904795075943,132.473316406523,97.5260486753223,102.168042376434,145.360013613375,82.8314896589657,146.721742867958,97.4843676814499,127.461297810112,78.6809179070851,77.9805016204597,100.287029593642,NA,108.684035004659,171.583954722975,125.435673883274,140.019705259841,72.3021484213981,NA,100.065560112558,104.292312449664
2008-10-01,78.0887795347419,78.8205654128918,97.9429123564872,59.5769422813815,81.6432880660843,79.6932611844448,78.9525920059212,NA,72.0569138865789,108.927476293575,88.476825619651,102.92484977075,109.632020184776,110.473396391817,151.960444565285,98.9703787821397,95.4866416046308,104.585274257907,93.0722460957964,169.538982418149,124.457859252566,102.252961447074,NA,137.421608938353,103.06910989189,61.0346556544038,131.542704868056,95.3290449204085,100.957603113414,137.490364497217,82.703161623901,122.463795306017,96.9740865809186,126.337710252892,74.4241533794415,75.6243397937105,98.6998141910353,NA,111.964042572568,166.797727897256,120.295754284088,136.811192853735,69.4175916209838,NA,98.6142898123199,102.476086107327
2009-01-01,77.8325889966337,79.6494923364352,97.1735397325391,61.8100549427617,79.6255674566144,79.4380834315682,79.717698249775,NA,72.6110313475354,105.698996638028,89.0666507794605,97.1707793469113,109.224538022746,109.645920434864,151.421620703667,79.1862365383813,97.6617265561841,101.953843572528,90.3708995010592,162.570579902713,118.986768575811,100.918205022457,NA,136.100748516934,98.5969328299407,62.3840845461891,131.791598066654,93.4806149777467,99.7234718608395,104.778920162495,82.6889799676148,104.267448582069,97.704960869929,125.515734212163,75.6090464046229,74.399377619678,98.0172521614198,NA,113.346417904737,163.497557259898,113.084690572196,128.18456755013,70.6835129755909,NA,98.7015132028041,101.110348769754
2009-04-01,80.3344310798094,80.0035155081914,96.2659131054656,63.9550450934827,78.4990121123946,78.8820796553324,82.9351795046303,NA,73.0996730539875,102.055982909408,89.6222056850277,96.186430478315,107.602567768789,108.568225895277,148.218686816241,73.3123189611873,97.7357551438975,100.181848684863,89.9492883249218,163.395987195401,113.700550744679,101.031543002488,NA,128.90314468093,91.2553876649547,64.7308768009312,129.800841617435,92.6138191812368,99.1161109706686,102.058439764032,82.5062232933847,96.8491469430021,98.7028968766694,123.755430724309,77.5080765037066,75.8024337292803,97.0172984660926,NA,114.521346074065,154.157021950603,107.742937176435,125.762391324732,71.7012752107584,NA,96.8588597863491,98.9466440282912
2009-07-01,83.689622584187,79.2668738789542,97.76527730914,66.1025027980121,80.255338762991,78.6305403395126,87.6430306945289,NA,74.7764067261405,102.300318762915,89.9849006149284,96.1350295548375,107.111174370339,108.181842143796,146.541449805272,66.75705748331,99.2399074783083,100.503853170426,92.4085868038673,161.355605199869,109.60006281111,100.728442599786,NA,123.649623887111,85.7000998148268,67.5609710543054,128.25438628315,94.1426102384929,99.537014038563,97.7059297383885,81.6933627671331,94.840494972859,99.5538276866917,121.364670907387,80.2044944612467,77.1652464593031,97.1091039770161,NA,115.147662468084,145.61257764494,113.510520854861,122.054422889163,73.1525007771321,NA,95.7172913314479,97.9644455457638
2009-10-01,87.1574454343744,80.2381972524651,97.8313106507814,68.2573503093677,82.9040418623159,77.9530166873435,89.6002348452166,NA,75.7364829596728,101.153031136678,90.9968206211898,97.1072480839805,107.11251566272,108.384031542849,145.671038500981,66.6431425358252,101.292938731393,101.419689085296,95.1495493559073,159.88705815637,107.196725215865,99.9488153779209,NA,119.285975784494,85.7904080950681,71.3099895523955,127.435154397306,94.4329242586949,100.581479237871,91.6006470316667,83.8509730975128,93.4251104682921,100.418555926985,121.08428342129601,81.8072102303771,78.741781592672,97.3871878898901,NA,115.281486866945,143.344946451077,108.161119494684,123.061203174642,75.830435976747,NA,94.9033815514944,98.0764002949432
2010-01-01,89.6408171374395,83.3502956384448,97.9591640322459,70.5977509562711,85.6633542641366,79.2807643363133,86.8490339361032,NA,77.3513249318645,101.296103264816,89.2452963005975,97.0992449482592,106.841679904845,108.00596789041,145.196695265807,72.3930866904412,103.727332632086,102.942249765879,96.4897370517195,156.481574250533,107.815425134508,98.1951109894574,NA,118.510857203153,83.373839117391,73.284877244061,126.625692063082,95.4809118317269,100.521674433073,90.6443811393953,86.8276008527244,89.7152203914412,98.1107413950032,119.729688636302,81.3364030846019,78.5857403922082,97.123122110536,114.662021037495,114.623712698479,157.421656225735,107.250710113182,124.765606783684,76.4511212431003,84.7576045027368,93.7107349954369,99.2982104878899
2010-04-01,90.4723138900149,85.5037132071894,98.1052148181237,73.2230890090411,86.9292004861285,79.5526618607675,88.7226507413378,NA,77.4531451219422,100.590295615419,89.1635967304432,96.6902884650729,106.898368250696,108.070422930724,143.941597619569,72.1038147339435,103.063960652455,104.209661663593,95.997620858773,151.862715205482,106.371240122609,96.5580315801938,60.0922884037485,115.722794389299,84.3581152400482,75.0676212601532,126.816202165844,95.996101925361,99.5249437811597,90.3691533071432,85.1261510729816,88.6029156029076,98.0874470219225,120.019205429149,83.6309466399316,77.8386853750151,97.0523088275822,114.080872867294,114.345072411134,157.785776082166,106.043442990518,123.555797162418,76.6475492261637,85.5185668526887,93.1682069533754,99.3312378915918
2010-07-01,89.863149982832,86.7509538653007,98.7595532031432,77.0296825499651,86.7096097637789,80.8081851071713,88.8746037572431,96.442099935726,76.3746564373146,100.169304691631,89.5007029821166,96.730670008938,106.844139010887,108.003125652172,141.024895816881,73.9003287880743,104.409295761696,105.578248815833,95.8529310725874,145.418583586633,104.947606875317,95.491131121044,63.5327945526051,111.159802589343,84.4656525871002,76.5248151597873,127.225385654638,96.8067573358394,98.6305493894733,90.2147505995876,86.8483492553222,87.3173692030866,97.9281924834397,118.365808806085,84.0849542639831,76.5565987740159,96.4496786401259,113.410029773107,112.955797315629,151.614594724224,104.061206452821,122.281380863112,77.6639190437159,85.2944281430081,91.4481735058351,98.6869830888262
2010-10-01,89.5904665244723,87.622762524472,99.5572812595119,80.6887563078426,85.8209437703507,82.6379808484892,89.0928326833249,97.2869711430927,80.9297149088684,100.084984387408,88.4570695951764,97.3173982541141,106.957535749191,107.699635734448,140.096656226029,72.3153535684381,103.771391712074,107.336312059001,94.1466878020335,143.519214256008,103.880226348047,94.4064427086049,62.1809612070312,103.852955442006,84.8084762252105,79.0255594783527,126.978104983091,97.3592676475716,98.9573755409215,91.0830826591186,86.2485002645025,90.0118057692475,97.0706383931092,117.307548413986,84.8732936305813,75.3148217056657,95.8668552527432,111.965028310522,111.72901121682,149.362075444221,103.296945352394,121.931245082474,79.3016627225202,87.4522612553158,90.0013907171683,98.2481385746594
2011-01-01,88.1755381321436,86.6855218465555,99.255791750585,84.1577701258526,87.110403981815,83.3936535417543,89.941205311619,98.9251802901624,77.348507495735,99.7481591073183,90.3701330716305,94.800545389853,106.413441580867,107.769710960115,136.210642468745,73.8265538510322,103.986970110933,108.211572670345,92.3078915969716,142.640630615405,101.428866505686,94.8403467860863,65.0805535813735,101.534594936739,83.7613146546259,79.9293632869855,125.358729980713,96.9573669739374,99.9621510742029,93.7196551334452,85.821086071564,93.3788147979679,96.2409607672689,116.825526355168,88.0034086370055,75.4636032127403,94.6820227678118,110.655094350654,109.711386719063,111.93590840905,102.55353572138,127.161236617139,78.747865368863,85.1603179704981,87.2634138315111,97.2226494588307
2011-04-01,86.5867109774001,87.8545834321658,99.243731069038,89.1262295577146,88.124624371262,85.3591283377182,89.8864542052565,99.6323127560122,80.1365699381113,99.5356612636104,90.3626438220545,95.0197687821009,105.849720883097,107.353458541966,131.398914064424,74.2686200995506,104.382420678231,109.441537260812,90.9470213600723,139.917161057719,99.9072061233957,94.3806743881975,68.7410814774408,95.4504782191426,85.4373126288334,81.7883225570947,126.159796535819,97.0850577121988,100.367592279904,92.61280469816,86.1319818787355,92.9661070218424,95.9925352962832,115.050120681241,87.5535488555682,75.3540986563324,93.941493125662,109.358354516771,107.182394293691,113.800610546749,99.6532503169671,124.836916519838,78.6199288820966,84.4100100713489,85.7494468472885,96.8413435805625
2011-07-01,85.2247733603809,88.778040756225,99.7899477442291,92.4944303725441,89.4775211756237,86.7199590222778,89.0843158556418,99.1792822570423,81.9916896101428,98.6979797215802,90.3334417754287,92.3661307513168,105.561435194604,106.553713697352,126.755066482899,74.2393989141241,103.589619187763,109.982005045444,90.2627714635885,137.06171146354,97.060336114117,93.5271411714852,70.4774671325514,88.5677351732221,85.0052905422825,82.3527979639475,125.118455953835,97.3495569258657,100.839897470821,91.7564093845026,86.4093699997926,93.3753088562316,97.3409389466829,113.318208449352,89.8566914882316,76.0836469393346,93.7588146263922,107.620227030134,105.670526208133,112.564326336122,99.3591060144924,123.118818129454,78.0679359134176,84.3631774745907,85.6819075171914,96.3531663848017
2011-10-01,83.6178130485245,90.4236466384556,99.9776478289595,95.0431638599421,89.9925037429711,87.5078278719719,89.0183105456541,98.2888079429906,82.8699489122072,97.3950322495432,90.3538265057509,90.3413976143737,104.329074427025,105.133304203667,119.858077745884,76.5603061262759,102.82858745511,109.390372600485,89.7955970346308,132.060603812177,95.4868589549428,93.0234740312952,72.5088463240783,83.5881080677375,85.7227588643236,81.3999029730769,123.370525256181,96.6770052167086,101.139332909312,92.9258079746466,88.1239550006132,90.332194601613,97.5729824144048,111.144528970874,91.3195351905356,76.3248920945883,93.1703231446734,105.534548907486,101.772970760585,113.983344249096,97.3371546174247,122.068968993273,77.1896781346421,83.176604395919,85.5291413749249,95.4271998010745
2012-01-01,84.1915728166115,91.393731019799,100.06562299628,96.8961034927679,90.7948561523608,89.2020293561263,88.8906983040291,96.5653487023941,83.5833818493914,95.7186580715649,90.8787533363648,88.6871340284443,103.590487952693,103.991542378508,114.467548532995,75.3659626450118,103.701826261008,108.275622050457,89.4321623170425,126.231005775493,93.7028312796179,92.4005896766416,75.7760498222318,79.5138755955516,85.6934518826144,80.9356974165059,122.315369142778,96.6188975813794,101.137194364617,91.5676572537099,88.3058972705893,91.3180785706025,97.3741545624065,108.973563620206,92.4512865311792,77.1278800219694,92.8473491318215,103.977454301979,99.0014390336116,119.163548798679,95.3799192804187,116.147040226657,77.9135438551867,84.1729745865673,85.3415422743669,95.0796204585141
2012-04-01,83.3450542842498,91.7047604275175,99.9507743749551,98.6168462258406,91.820704401741,90.2996707894618,90.855580828186,95.080392824341,86.124181849455,95.3805687794213,91.2598527267807,87.7597434620385,102.473806843749,102.679001684649,108.244799831985,77.3283900298056,103.422062733939,107.522279663982,89.3168413778059,123.635495642122,89.519138076902,91.6802605480307,78.0488336418538,77.9995399097263,85.7773567251603,81.556480714911,119.865639247801,96.3334129938995,99.9215051925051,88.9355766920708,88.0723142978062,90.7970876319004,96.7006053229825,107.300354631912,93.7521311999121,77.7610846152604,92.9345015337868,101.51891514806,96.7247546762739,122.592103976824,94.0819049976964,115.313114954913,78.2420409731526,85.3477088191091,86.6058475064525,95.3335034285673
2012-07-01,83.061221878132,93.1498474648354,99.7105947529199,99.159592953297,92.1934027975,91.775828116963,91.7728350551132,95.3121552736277,87.1443520479504,95.2861161861513,92.6825780313459,88.2267391927778,101.121380907792,101.747314182978,103.83032000064,78.5282889334869,102.821128862514,106.850944173355,89.3883286602352,119.158350779549,87.7682237729216,91.6563316261043,79.9849940626885,77.4527651269413,86.3088189373284,82.5047215105657,117.376907916992,96.9345697552135,99.3428262342066,89.2138847089234,88.4310429314094,91.909446908919,95.6668833818657,102.243883394858,95.0390007077749,79.0657797829442,93.0641443111714,100.266557706161,95.4948557240851,121.975868916702,93.8422275689207,114.190561577615,78.8236726857484,86.2109602180705,87.4195510876329,95.6935529657161
2012-10-01,83.8278062321462,94.3833806051387,99.4130569557908,100.195120853664,92.2143648132414,92.2722076920097,93.7248524074791,95.7419787546969,90.1967249942529,94.7875722407479,93.5617593140325,89.4287747934177,100.538290257519,101.167010845511,101.499133225522,77.5969822530842,103.192043975002,106.027748667167,88.9562485718554,115.591955994441,86.2805751808895,94.2489267937208,83.7622529943564,78.5186917947864,85.4310803253534,85.1072168019962,114.849102815816,97.1622361254089,98.033747004845,89.3531225457555,89.8315337483944,94.5934850795964,96.0547366211336,101.782357781536,95.6468411225969,81.0438846254758,93.2849141615479,98.7906201269527,95.9575606872267,123.552941717848,91.9080838652183,109.433140050876,79.779600803141,87.1936652325764,88.2697318039899,95.349301070171
2013-01-01,84.4752471030263,94.4819439567758,100.432336034599,101.578987322572,92.001814407156,93.1117303176435,94.7403877961875,96.7520130257991,91.6547571508599,94.5051327380367,93.3752677028868,89.8840410430564,99.3686753493337,99.7423815660038,97.7823971962613,78.7702360774904,102.968608669433,105.087929107974,88.6818425421882,112.723981659639,85.9459942483544,97.4265994407408,83.7877352640926,76.1513540982958,85.1770444565043,87.1306100282236,111.873426250283,96.9285716754455,97.6455988421576,89.3630346942743,90.6335447254367,95.2375594122192,96.2398539894246,98.1006000436915,96.5874756448937,82.762659469837,93.5455752060385,97.5546281075188,93.9440625301235,121.558531460176,93.4675005567824,108.976532179124,80.5583627263347,89.2207225911309,89.7879459830384,95.0781971246313
2013-04-01,85.8094836545472,94.9207668611246,100.284653527588,102.343907883609,92.5439425769121,94.2018491070243,95.5672454189154,99.0221773560937,92.5077953746844,94.6115510254432,94.3701496766635,91.1721290243258,98.8347254388606,99.2985060481178,95.3074958557298,81.434401261842,101.970644006568,104.514592119471,88.8023622908157,110.428903043826,85.5252757556488,98.2427246463568,82.8849278262036,76.7719775717621,86.6916414302545,88.2673026168069,110.540624811432,98.5881419145984,97.5584041326499,90.6598943274728,91.4301735432147,97.7430910125158,96.6881965414536,96.4071711124958,96.6759220042625,84.4703230645596,94.3919769953002,96.4545605685503,93.4075362586946,120.350260079572,93.2368458993178,107.936476525602,81.7814943139046,90.4796086456264,91.6167546739313,95.4136716284222
2013-07-01,87.7741562071489,96.7671824548206,100.027874652289,103.591356536578,92.9079255606123,93.9492021945435,96.9922011845777,100.869853678849,93.0186017386081,94.6543834641936,94.2403397266874,91.7932937703127,98.5969931204587,98.9318546922019,96.2836442976024,83.6467187549575,101.671391773193,103.534368164698,89.6411157508332,109.367404671698,85.3457529128945,97.6348084207201,85.5179994857695,78.7033461550212,88.6799589403052,89.0679615195906,108.582730197484,98.9859791669415,97.5004687599023,88.0790204490151,91.36307065316,98.3380411004827,96.2503450232181,96.2279362058278,95.9317842310471,86.5486279079492,94.8335515618966,95.4745527433327,93.6010556202807,118.573021323388,93.2120339554115,103.01980626534299,82.8144561005549,90.4913342212508,92.7570048324209,95.9070824535199
2013-10-01,90.0648538791519,95.5997004289892,99.7220821002456,104.798741167907,93.954858358921,95.1663267124065,97.0913574185698,103.278502774701,94.0633978367616,94.3028413430958,94.103699328015,92.0840442536719,98.3982342360084,98.6908521771439,95.5053679923211,87.9268013303877,101.345090684048,103.533151169651,90.8539693226714,106.990871886931,84.9446716120066,98.2965099748826,85.5886171217387,81.1276296919858,89.4713107055917,90.2983607423889,107.451195191495,99.4742312591952,97.6708545111784,91.7218842553294,91.3796137304841,101.529085541506,96.2034376765932,96.2716742207345,95.0059319984081,87.6145631140835,95.2936325904386,95.7827498181396,95.960051319159,117.042394043358,93.6651265160023,102.282667920026,84.4929233189588,92.6923098604862,93.3301483431827,96.7884886421349
2014-01-01,91.3983150499261,96.8394151914317,98.1083956684063,105.283843261817,95.0799852841227,95.4840382413406,95.7621305041179,104.738178172472,96.4283004762859,95.228877242585,95.1205055268082,92.2123557623934,98.3816739567809,98.7537073729115,95.8351446906384,91.2754657740796,100.850617375547,102.890713277937,92.4828732405458,104.85577445782,85.5202898865083,98.4876662499708,87.6085500270199,83.6879860079741,91.1380164531927,92.8281521480407,106.442626818737,98.9214281386759,98.0173539143597,93.2850021401118,91.295641600847,103.60355145385,96.476633555455,95.822854803813,94.526983523202,88.5454683450103,95.6940792265368,95.5777867949816,97.2914274616811,115.385365890839,93.3729034549768,100.542715673774,86.3593771515058,91.4823982522861,94.1056269633901,97.4646334244775
2014-04-01,92.3135197624393,96.9235400177385,98.7070552754939,104.739840636719,95.391107608732,96.7234551699781,95.4816077384752,104.415291392459,96.7858353882551,95.8410323487676,96.0477963421087,93.9884160261908,98.504684370108,98.9249091126805,95.638599305514,92.1976592021355,100.701049492183,102.841202346524,94.093770834985,103.965225369694,86.9818206509648,99.373803437433,89.1614532796087,87.7173326133349,92.4674325146928,94.1198030470751,104.689293149352,97.2847602489067,97.5601558365002,95.7017565343219,93.7632073910591,102.854936482924,96.0305132087564,96.7928143176944,95.907696775018,89.3485209289676,95.9574259744986,97.4250976421572,98.4554370144528,115.75519907519799,94.5902547605092,96.8102413445553,87.9514851382677,93.2612453220699,94.4630684245873,97.6564122137129
2014-07-01,93.8888838942219,95.3437065604553,98.6227375852686,104.912424149437,95.9987847976559,96.5338452368711,97.1035533132485,101.747066867397,98.4771923167608,96.6227195769579,96.5600690800917,94.563866543332,98.7420160807956,98.8990101025093,96.3854879521553,94.6817971791995,99.9064282550099,102.172616595399,95.8230183178731,103.557168314416,88.5745441620847,100.231085097718,90.5594490749147,93.0029628664852,92.7670499968923,93.4379129541663,103.429875547951,97.5652157072301,98.2802572194985,96.9449996947989,95.9843030645052,106.969856940127,96.3575748381066,96.6079336359786,97.1524361299766,90.0471739143322,96.5775702715994,98.0356367613128,98.1616731004161,112.094654316699,94.6191913847245,97.7035901201264,90.1040571846199,94.6642902949249,95.316055191542,98.2901269790719
2014-10-01,94.8354798615549,98.2223410897251,100.405589324344,105.053279327648,97.202313861154,98.5160792310821,97.7692827397411,99.9160310637548,96.7191131494442,97.354543455916,96.6239152227974,95.6634739541063,98.9008884428098,98.8442165094887,97.5622033459736,95.7791625948211,99.6302220141519,100.848825298152,96.8463182942354,102.996024508091,91.786968460657,98.2488925862745,97.511803446924,95.7335177385771,94.3409674587818,95.4480175731815,102.093274690438,98.3636544714532,98.5584040822708,96.5357617283775,97.2297900178676,96.1990696657274,97.2587769539678,97.5299591510013,98.4096671636056,92.5524514428361,97.5049512172723,98.5016172080062,97.768260265291,108.452060108532,96.6080176858599,99.4924581488452,92.3408484100973,97.8368017040743,96.678907996581,98.8853067557159
2015-01-01,96.5226232896192,94.6743091756486,98.8233323507105,103.466714595922,98.8375844212603,99.5749718065389,98.3499986040282,99.4939334202922,98.2903517155707,98.4232229121406,98.9463760653809,98.4518165465852,99.4157455601602,99.2058149585794,97.407903770403,98.770539746008,100.177791089157,100.348982883794,97.8288718451637,102.814402244428,93.4896181137222,99.810556653207,99.9698003150006,97.8863211735839,97.7275696879621,97.3058546229675,100.499435401861,99.5913047217575,99.3344371942295,98.9343535252099,97.8428191267825,97.9121534601158,98.5376616602842,99.3571566814471,98.9788971795746,96.1757548188532,98.706045535573793,99.7668416468568,97.8236262367301,106.48000581888,98.475294040539,99.7496759869347,95.2152523526085,98.6010557598555,98.4527282978698,99.8474380879782
2015-04-01,99.9198060893384,99.2364367559974,99.8021449151761,101.383782616124,99.1471456341136,99.4421509525157,99.7414106452849,99.1433080726239,100.500623147341,99.1679385022699,99.4662372294694,99.3573435595147,99.5985812766691,99.6270424497019,99.7418177786248,101.545113502919,100.056916172709,99.6312195384106,98.6882802559433,100.352057743683,98.4735107579674,99.991713521953,99.0546965896555,99.9488504772477,99.2068923115399,98.9244529804253,99.5859237771403,99.5771488590465,99.4690236709469,99.7962554571145,99.5143289985512,98.3637952196414,99.5623363921917,99.4843761577387,100.345570527173,98.7086639533234,99.4049735783536,100.164256251263,100.254329327543,99.950544608074,99.5548580600309,100.574306305605,98.5666583511573,98.6518663204705,99.3272079967286,99.6747616295325
2015-07-01,102.190153280675,102.949903460776,100.592579888602,98.7434160739505,100.033598442,100.221463808057,101.836677803193,99.9860115662306,101.198905556447,100.518974924882,100.134574795511,100.247676427801,100.082004165084,100.269918004861,100.826063618012,98.9615453815163,99.9597624080713,99.8231872897775,101.050367207417,98.4644471349525,102.36869971389,100.065693368178,100.127030327536,100.251587729324,100.41988439547,100.695008271265,100.317548177876,100.370992980866,100.149043184615,100.96076217198,100.981115724455,100.013121453688,100.999711479624,100.22092314966,100.731224018521,102.638753242372,100.49304237734,99.838106198736,100.263603359103,98.651549445111,100.017741223069,100.229544058023,101.69431832591,101.649059362026,100.328111883692,100.057315826154
2015-10-01,101.367417340367,103.139350607578,100.781942845511,96.4060867140044,101.981671502626,100.761413432889,100.071912947494,101.376746940853,100.010119580641,101.889863660707,101.452811909639,101.943163466099,100.903668998087,100.897224586858,102.024214832961,100.722801369557,99.805530330063,100.196610288018,102.432480691476,98.3690928769366,105.66817141442,100.132036456662,100.848472767808,101.913240619844,102.645653605028,103.074684125342,99.5970926431221,100.46055343833,101.047495950209,100.308628845695,101.661736150212,103.710929866554,100.9002904679,100.937544011154,99.9443082747314,102.476827985451,101.395938508733,100.230795903144,101.658441076624,94.917900127935,101.952106676361,99.446473649438,104.523770970325,101.098018557648,101.891951821709,100.420484456335
2016-01-01,101.944142992936,105.953322075841,100.517407773739,93.6368902777564,103.99537299322,101.901587553604,100.413586027477,102.928749844831,103.469385351448,103.050931331398,103.16810961928,103.142732212283,102.046915865053,102.143763604427,103.688090340935,100.438203734002,100.268717228061,100.797732773506,104.426403661414,99.4061110533006,110.088824751796,100.37617704007,99.0979164734887,102.756905220411,104.282749922448,105.509030307543,100.39338300165,101.389544372088,101.152570558631,100.802446642013,103.583040748266,104.726694808364,103.312240214607,102.710313404641,100.721606642485,106.805713438157,102.793938783262,101.144900206801,103.590437159002,90.6394911039428,104.097258757716,101.61822035138,106.389212724729,103.769665689409,103.298417786912,100.096373676637
2016-04-01,103.098994547625,106.641412510964,100.690194256342,91.5701824707466,107.256124095299,101.688309454605,100.078184589802,106.972057731643,104.175215365954,104.793607782095,104.707071896275,102.994756168722,102.668519118192,102.844932925952,104.416201716856,103.179480492153,99.4748422531119,100.756870983297,105.281468335918,98.8141545251485,112.112684948514,100.426801129538,102.353800987927,105.209727946639,105.039905899828,106.993093259697,100.368279210494,103.144244970772,100.465025085243,102.81031155636,105.602619885347,107.369894602707,103.336069918801,103.290729161091,102.178014482587,111.675408836078,103.701428024344,101.16261254924,105.566062230755,89.6859976131255,105.870979794623,102.625286114121,106.264134157319,105.157367963481,104.190249539082,99.6343368661416
2016-07-01,104.904353445399,107.070239979969,101.361302389535,90.2138787993879,110.775296189607,102.188518462723,99.2540497839178,112.12754644211,105.10628290052,106.932662688199,106.061938258314,104.785740989867,103.393207118177,103.637800551881,104.942223870196,104.425911127427,99.7584964979784,101.327283485562,106.023102444461,98.0872231483859,114.505277690276,99.9615273833416,103.920847394073,107.180408751363,110.050449517045,109.098017077786,100.165958036148,102.945694157212,100.419425455243,105.538370197201,106.771826953595,107.832595929556,103.193664314685,105.259675847254,105.223869586814,115.471281886783,104.709565454929,102.910382322219,106.646863769668,88.1291868522208,108.068750026196,105.068575831259,107.70878201936,108.099059899865,105.407816120275,99.3539239183692
2016-10-01,108.370810137907,108.755151920995,101.914680431727,89.5153369674113,113.346534671705,101.227987227085,101.96040446125,117.476293860234,106.615070134231,111.451991628076,107.160508913054,105.712633595932,104.043653926386,104.208678529415,105.626384662325,106.47843451001,99.5034240062554,101.380384430647,106.066966680527,97.7225691911341,117.45388270611,99.5688659386059,105.204001279063,110.190741973017,117.246915545782,110.696246796579,99.4774927425886,103.523340015427,100.388469848658,108.506416107853,108.531223364678,109.538208459011,102.457423449131,106.398872751965,107.460421804272,115.759444347376,105.440883001295,103.91683104275,108.347053685751,87.990086896052,110.11394527472,105.967283861675,109.790338317511,104.327614064614,106.613698607083,98.9859783041535
2017-01-01,110.963126588782,109.315276477466,102.507783364332,89.2435706123716,116.347646175234,101.826057012589,103.32650027183401,120.216745964766,106.088731931248,113.73223458004,106.511488914105,105.614147147258,104.059386947841,104.309802317413,107.063524065241,105.352372411133,99.7815782084001,101.986819960463,106.583785369729,96.1912768364665,115.621845240672,99.6110012256516,105.642220015938,112.721090824794,122.671411804602,110.109310663668,98.4797679818885,105.213467732781,100.383450657321,109.004882932423,109.020063941298,110.971879726828,101.91555816471799,107.732044413725,108.676551959399,116.779156226698,106.214905493191,102.979880352247,110.144336379917,84.1027625388355,107.151531637103,105.865748933171,111.57830233336,105.550933215299,107.681492592298,99.3347463721675
2017-04-01,112.137049558924,110.08185742638,101.730832939624,88.9674795393571,120.200504524323,102.830386146729,100.949579410369,122.21925732846,106.768325736463,116.221529167451,107.542846453503,107.328365426164,104.789061758816,105.110207827587,108.280749793818,104.613959651335,100.876172719171,102.612037772477,107.509502459279,96.439875270213,118.510044574529,99.9249070303439,108.091050794458,114.393940863504,132.079091780267,111.954469115872,98.1999319086864,105.237646385349,100.011631449358,109.302791245876,110.067004875709,113.265036592941,104.103048882327,109.695507893335,107.251437093794,116.300546501714,107.364275953617,104.140454215849,112.559995875854,83.3403994517136,111.601444562106,109.374143369422,113.29438118841,105.688122831481,109.443065772716,99.2033744109646
2017-07-01,112.43164468268,110.492620139847,103.04772014661,88.7906224864282,123.39065177268,103.611223011704,101.311895869279,123.233672533129,108.641288962253,117.373031809892,109.008005728292,107.764779083774,105.777865865762,106.170685344883,110.445696481267,105.113553593979,100.295530342768,103.357128221081,108.910795061285,96.6317040669328,120.542312424095,99.7497213483726,108.252943213016,118.388131498182,137.096054751173,113.300889037918,97.6496032203456,105.318059022216,100.167311009835,109.364421421116,110.159419900734,114.076492647066,103.804438160652,111.225559786199,105.971408548547,117.416754880346,108.275874824776,104.554343170096,116.559697171984,82.3742069902504,113.760413011736,111.301019506107,113.865396888707,105.085084539688,110.737976599899,99.4409601038942
2017-10-01,112.259496071234,113.561708405777,103.265414194133,87.6417355015519,122.309808533292,104.4815378956,104.391992278371,124.287326226914,110.620871369872,117.825833819626,110.310096468557,108.916942281348,106.51798424542,106.979163746526,111.726524826261,107.35123487573,99.9380722223028,103.245227003923,108.913663732127,96.5436793704733,122.531990489049,99.839551745249,108.755211655262,121.473509512462,137.112694706151,112.478303057636,97.2684935475332,105.098572996644,100.541045806215,111.298864510655,110.870033035895,115.228722096202,105.623430939785,113.750853490996,106.064246495282,121.174494225645,108.93335818608,105.499369586234,118.421874489437,82.7226838885551,114.548446549199,114.516936634422,111.219900815658,103.739487364498,111.91544841217,98.6211191191228
2018-01-01,111.388119065422,113.064908090513,103.506709364769,87.043456923574,123.486298038336,104.098233649647,NA,125.839464878366,107.671824100143,119.489124040947,110.85902377464,111.058702433411,107.215700298871,107.684423923153,112.587486851681,108.903145357309,99.2328300544696,103.713567281875,108.826386263342,96.5481539451446,125.971666158946,100.106473062685,108.886794810717,124.335300325703,138.234762789696,110.484745920762,97.257268890664,106.113907745292,101.061621570688,114.134899777634,114.580898108037,120.767146753076,106.56199157069,116.207219832593,105.355573414339,123.624392432165,109.892261421348,107.71783778112,122.567969332068,82.3324633790355,116.848806022722,118.052985275398,108.995323249145,105.273872383813,113.345898783946,98.1977412346476
2018-04-01,109.809707587144,NA,103.888807989992,86.1144449027184,123.265031282949,104.835223036918,NA,126.902828524824,NA,NA,110.891067091001,NA,NA,NA,NA,109.107852722928,NA,NA,109.209470518348,97.227187631614,NA,99.5433238707095,NA,NA,NA,110.556767614419,NA,NA,100.144838281926,114.936710759282,NA,120.263858382034,109.613237457467,NA,106.893765684643,NA,110.31795459364,NA,123.984382162934,82.4841553283597,NA,120.460421342812,NA,103.857203436049,114.042042256993,98.6472374468848
