Date,Australia,Austria,Belgium,Canada,Switzerland,Chile,Colombia,Czech Republic,Germany,Denmark,Euro area,Euro area (17 countries),Spain,Estonia,Finland,France,United Kingdom,Greece,Hungary,Ireland,Iceland,Israel,Italy,Japan,Korea,Lithuania,Luxembourg,Latvia,Mexico,Netherlands,Norway,New Zealand,OECD - Total,Poland,Portugal,Russia,Slovak Republic,Slovenia,Sweden,Turkey,United States,South Africa
1975-01-01,43.2044233569385,NA,NA,33.07903178297,99.8268797380111,NA,NA,NA,142.17614543088,75.6781760308818,NA,85.8156651098278,40.0153442783149,NA,54.0736243214809,68.3569856459582,68.7221748046011,NA,NA,32.3217700600863,NA,NA,94.7952780738739,141.586114197802,NA,NA,NA,NA,NA,82.7054118701125,NA,44.5949821623032,88.3599001706362,NA,NA,NA,NA,NA,NA,NA,100.684492349406,NA
1975-04-01,43.0763213638727,NA,NA,33.9385055956954,94.7875359689785,NA,NA,NA,139.043828287833,77.5316784727804,NA,84.4422759155399,38.6094904455032,NA,52.9744636584841,68.0899373731081,63.7875183110127,NA,NA,33.6223865399212,NA,NA,91.7849287053935,138.457148219766,NA,NA,NA,NA,NA,87.4790331113826,NA,43.3375491651671,87.0689672302689,NA,NA,NA,NA,NA,NA,NA,100.338210419215,NA
1975-07-01,42.8329866357759,NA,NA,34.8576557877756,92.0329631647192,NA,NA,NA,137.733059248762,79.4994362862317,NA,83.4783864111415,37.1559441043544,NA,52.7945297262162,68.0946075768793,62.2792111899115,NA,NA,35.1378148090746,NA,NA,91.3548135308731,135.341936500637,NA,NA,NA,NA,NA,83.4102131405681,NA,42.6166550670935,85.866834207241,NA,NA,NA,NA,NA,NA,NA,98.7740946031106,NA
1975-10-01,42.5670560275041,NA,NA,35.1537612052131,89.8391794997279,NA,NA,NA,136.754938238629,75.6420242572693,NA,83.9145448147012,36.5358651292412,NA,53.2668459251476,68.2505362962924,61.0784240060477,NA,NA,36.3268544996351,NA,NA,93.4239262551208,133.650985663878,NA,NA,NA,NA,NA,88.1589476243944,NA,41.9297689728037,85.7424085215374,NA,NA,NA,NA,NA,NA,NA,98.8961431229156,NA
1976-01-01,42.6076142128403,NA,NA,35.6587926048451,87.813936910639,NA,NA,NA,135.958544523214,75.1830564129072,NA,84.8030769403685,37.0181762597241,NA,53.1594706950008,68.1812595832503,61.3890984886616,NA,NA,36.5595117404155,NA,NA,96.953612245922,131.203970417124,NA,NA,NA,NA,NA,92.0679018900177,NA,42.0749773579381,85.8499182542507,NA,NA,NA,NA,NA,NA,NA,98.8061555648779,NA
1976-04-01,42.1998501790345,NA,62.0316834374494,35.8970587890394,87.3607492546725,NA,NA,NA,134.781202280381,74.40318072546,NA,85.8475809643647,38.2126281281933,NA,53.6555170254381,68.6083779325913,61.7341575906559,NA,NA,34.8173559026609,NA,NA,100.859119757309,128.456065405524,NA,NA,NA,NA,NA,94.0228255692869,NA,41.7749973020814,86.597480759526,NA,NA,NA,NA,NA,NA,NA,100.635265155827,NA
1976-07-01,40.8210584013265,NA,63.3769310884961,35.8214523665552,83.7736099490465,NA,NA,NA,134.99866545491,74.2094908264009,NA,88.0122986141509,40.3827671546638,NA,54.1139533679109,69.3919055107348,61.005654247542,NA,NA,34.1042003259481,NA,NA,104.977938670259,126.096484771806,NA,NA,NA,NA,NA,103.483722713866,NA,41.6346309921003,86.8128286971829,NA,NA,NA,NA,NA,NA,NA,100.263656286405,NA
1976-10-01,41.190068316752,NA,65.1304706985314,36.0105028107951,86.5440355341274,NA,NA,NA,135.653466764426,74.3578307087832,NA,90.2308061438397,42.9727654170362,NA,53.7643339476983,70.3907153903089,59.2788876378575,NA,NA,38.2650102612533,NA,NA,108.293878430651,124.924502812182,NA,NA,NA,NA,NA,110.69063566493,NA,41.7588521001186,87.7292579324055,NA,NA,NA,NA,NA,NA,NA,101.441698703966,NA
1977-01-01,40.8030909254439,NA,64.5436901165398,35.579360552892,85.0076395419248,NA,NA,NA,136.592208140311,72.7973546703123,NA,92.6207840783246,45.4296644529119,NA,53.2847542448325,71.2315680301616,57.847626444771,NA,NA,35.9992057162351,NA,NA,113.769917320517,122.858892783384,NA,NA,NA,NA,NA,120.068700973196,NA,41.4539785387608,88.3309809965981,NA,NA,NA,NA,NA,NA,NA,102.211626134312,NA
1977-04-01,40.7340896810739,NA,65.536326714311,35.371497371109,86.0565430226061,NA,NA,NA,137.682456237423,75.2537965000715,NA,93.8861186138735,46.614659985503,NA,52.2860351608424,71.7706743762702,56.9227331948006,NA,NA,38.0288792486307,NA,NA,114.963961185223,121.186066646045,NA,NA,NA,NA,NA,126.749782103084,NA,40.7008638300881,88.942089175913,NA,NA,NA,NA,NA,NA,NA,103.601359357091,NA
1977-07-01,40.5232337103226,NA,66.5702676834424,35.2790694937097,86.6272138261472,NA,NA,NA,138.76473159821,76.3044049801449,NA,94.7988595822523,48.7981309155993,NA,50.6250270825559,72.4570831959187,57.5361221196748,NA,NA,40.6987786114516,NA,NA,112.690098093454,119.808141210389,NA,NA,NA,NA,NA,133.663558726321,NA,39.8079761472675,89.4564843680582,NA,NA,NA,NA,NA,NA,NA,104.508569103487,NA
1977-10-01,40.4646345806636,NA,69.5840234837029,35.1373489313013,85.737691417611,NA,NA,NA,139.769651184787,78.5500819254761,NA,95.6979294970905,50.8450157331713,NA,49.7707116570512,72.7829568356636,58.8456321955121,NA,NA,43.6943831468049,NA,NA,111.743382217712,119.105339320019,NA,NA,NA,NA,NA,135.758516881459,NA,38.8103658674489,90.3705714236254,NA,NA,NA,NA,NA,NA,NA,106.247891300251,NA
1978-01-01,40.3908943252873,NA,68.2495022057231,34.5291192569288,86.5646575727642,NA,NA,NA,141.194439022117,80.0365914784379,NA,97.0167050327862,53.8309337048867,NA,49.5949213328628,73.0242651443192,60.6183964212015,NA,NA,49.0848618090831,NA,NA,113.342881086717,118.570533084312,NA,NA,NA,NA,NA,135.272634036943,NA,38.0790755111547,91.0363220095003,NA,NA,NA,NA,NA,NA,NA,106.733533217872,NA
1978-04-01,39.2375239011767,NA,68.8703215255392,35.3133060821712,88.2923489491032,NA,NA,NA,142.753141680611,81.2905836627065,NA,99.0483143447121,56.271340411847,NA,49.9078131659191,73.3554234676677,62.39290465038,NA,NA,61.3524057114292,NA,NA,116.802510202036,117.741630232939,NA,NA,NA,NA,NA,139.630347125935,NA,37.6931536816416,91.9840229721521,NA,NA,NA,NA,NA,NA,NA,107.191606579918,NA
1978-07-01,39.2213999390534,NA,69.929141217494,35.3309156982723,89.7387230864464,NA,NA,NA,144.614550521105,81.7898145107785,NA,100.466469008355,58.0666926457603,NA,49.4435780842573,73.4456967047882,63.0872212897322,NA,NA,64.6204527217219,NA,NA,122.568894838025,117.506635559275,NA,NA,NA,NA,NA,127.394055358563,NA,37.3221914897261,92.5713916441151,NA,NA,NA,NA,NA,NA,NA,107.448057840252,NA
1978-10-01,39.0045671408817,NA,70.3630654686527,35.8582806178679,92.756763249753,NA,NA,NA,147.131266296818,80.803974975645,NA,102.859782433933,57.93258262265,NA,50.7433436480638,72.9830731858852,64.8187479012683,NA,NA,63.5866244056141,NA,NA,133.79972445306,117.620865171116,NA,NA,NA,NA,NA,126.28695598261601,NA,37.2135276007687,93.6299098120446,NA,NA,NA,NA,NA,NA,NA,107.660189336916,NA
1979-01-01,39.768088478224,NA,70.8591784744756,36.6630588647868,94.2652151083995,NA,NA,NA,149.399566842578,81.5333533291501,NA,101.270266834673,55.9508941460344,NA,49.0018223274692,73.265769819832,65.1706400045226,NA,NA,64.3764843462476,NA,NA,124.504570824453,118.65473321127,NA,NA,NA,NA,NA,121.226792807354,37.3907755238067,37.0225207530268,93.9543129789635,NA,NA,NA,NA,NA,NA,NA,109.174319012982,NA
1979-04-01,40.9761155433302,NA,71.0440298185277,37.2438613447618,95.0054254519514,NA,NA,NA,151.654191156202,83.2941137273593,NA,101.033718800859,53.7069755824951,NA,48.9508707455601,73.9821059355239,66.8182167269094,NA,NA,71.792547691825,NA,NA,121.873515228544,121.306840641356,NA,NA,NA,NA,NA,117.933520499579,38.0483892164506,36.8049607093689,94.0935379712876,NA,NA,NA,NA,NA,NA,NA,108.053698369137,NA
1979-07-01,41.7729434567896,NA,71.2911685338564,37.1663093541685,97.6029405921232,NA,NA,NA,152.724614378189,83.523861346147,NA,99.6579852457105,51.1319834092477,NA,49.7810454667865,75.0032108299738,67.5944224792944,NA,NA,67.4814374427249,NA,NA,114.767404039295,123.523335951246,NA,NA,NA,NA,NA,115.813988745879,38.2424897127221,36.5558358690912,93.426417664633,NA,NA,NA,NA,NA,NA,NA,106.205110029021,NA
1979-10-01,42.1350940658106,NA,70.6858567072048,37.635544424095,100.431367670283,NA,NA,NA,153.13344565399,81.6372029768709,NA,97.9327838223044,49.3791085947825,NA,50.8204055049445,76.3689511465667,69.8772326025889,NA,NA,67.7994901780375,NA,NA,106.276009035102,126.254284776913,NA,NA,NA,NA,NA,111.3118285812,38.3532611741383,36.131307236516,92.6048485456484,NA,NA,NA,NA,NA,NA,NA,103.643020698414,NA
1980-01-01,42.1085570086352,NA,71.010885323922,37.8053396792572,104.388354417014,NA,NA,NA,153.819477432322,78.7459516517982,NA,97.6045623920253,48.7792828739513,NA,51.5506916920752,78.0602662062668,66.5736900397009,NA,NA,66.22148813364,NA,NA,103.277818440272,129.113404637939,NA,NA,NA,NA,NA,107.202715064643,38.8829766373592,35.9882578999188,91.473948640823,NA,NA,NA,NA,NA,81.8878122061876,NA,100.590294402438,NA
1980-04-01,42.8887737225959,NA,68.4498072728761,39.1578427359149,104.452960561755,NA,NA,NA,154.508126034335,74.6302718022904,NA,99.3310932272035,48.9800456247635,NA,53.1119816826733,79.0655235031468,63.1743921132662,NA,NA,61.4222028286095,NA,NA,111.328311877689,132.02673356513,NA,NA,NA,NA,NA,102.595411885771,39.4638412483466,35.7666014386211,90.6129529087929,NA,NA,NA,NA,NA,79.8256521278254,NA,96.3968740761161,NA
1980-07-01,44.1142597860195,NA,65.1655809755131,40.7508161764892,106.496657826019,NA,NA,NA,155.798491857247,75.3265680986193,NA,102.326326653362,49.4418250092943,NA,53.0226994749531,80.1640185619098,62.5649894964487,NA,NA,61.4657190505441,NA,NA,126.008182087026,133.805377059814,NA,NA,NA,NA,NA,95.8007253736271,39.3766339975908,35.9430541909676,92.7360556422863,NA,NA,NA,NA,NA,78.2765967431121,NA,99.0356676332021,NA
1980-10-01,45.1805139786969,NA,61.7621832968209,42.101843585904,105.517133411566,NA,NA,NA,157.686950479435,73.9658313981058,NA,104.936500936959,49.3488044641847,NA,51.0808931435775,80.6322979994052,61.0272223688026,NA,NA,65.6368176616776,NA,NA,139.275894200738,135.977585746101,NA,NA,NA,NA,NA,94.4661013972539,39.4492551224239,35.9555109622189,92.634441610871,NA,NA,NA,NA,NA,76.5320328878525,NA,96.0642549449751,NA
1981-01-01,46.6086069185848,NA,59.6526376207627,43.1113720303279,108.72521217854,NA,NA,NA,159.300330719565,72.056886058723,NA,106.469238359102,48.2140181015759,NA,51.3245170072458,80.6752002761819,61.111547229776,NA,NA,67.0620249528411,NA,NA,149.290273868275,137.923919881768,NA,NA,NA,NA,NA,92.238528012256,39.2742737632999,35.9860321263938,92.8811140328845,NA,NA,NA,NA,NA,73.8993778127674,NA,94.6754407272149,NA
1981-04-01,46.6772077450232,NA,58.0866606329637,42.8014023293538,112.673135039188,NA,NA,NA,160.099674304514,67.6118852312158,NA,105.054815290013,46.588661179563,NA,51.768715788226,80.1736199566658,57.5721192474575,NA,NA,66.779234688236,NA,NA,145.912520510165,139.694128358267,NA,NA,NA,NA,NA,86.0065038868723,39.0611004579707,37.3098198437878,91.9469067224754,NA,NA,NA,NA,NA,71.4258177863556,NA,93.8716575507964,NA
1981-07-01,45.6254550419274,NA,55.7171369921224,43.2589751207262,111.631471730394,NA,NA,NA,159.673227264709,64.8922658304507,NA,102.317992507067,45.4054713516451,NA,52.0736049642538,78.6443361497227,56.3185449290017,NA,NA,69.9673947533839,NA,NA,137.056409195635,141.587199243845,NA,NA,NA,NA,NA,80.6449982976137,38.8869414623243,38.3367389445266,90.1387803478156,NA,NA,NA,NA,NA,67.8015859487963,NA,91.1922885369054,NA
1981-10-01,46.7161883379664,NA,54.9497271510953,42.5980575235797,111.10419253214,NA,NA,NA,157.675337339913,64.564162690397,NA,100.573526977331,44.1215257337273,NA,52.0636796756337,77.3552556160198,52.1732529268657,NA,NA,63.3988130207958,NA,NA,136.358158965882,143.187627156761,NA,NA,NA,NA,NA,75.398483510205807,38.5860417888807,39.437305811499,88.9743900490112,NA,NA,NA,NA,NA,65.9076856293711,NA,90.3243687416315,NA
1982-01-01,44.4801791849244,NA,51.9748309977818,39.8235521496841,110.719749385057,NA,NA,NA,155.899324042131,61.8901038907871,NA,99.239311166075,42.6889440682596,NA,53.4023769568786,76.0609022804857,50.2008883539672,NA,NA,62.6270430205458,NA,NA,137.933114782232,144.475103866443,NA,NA,NA,NA,NA,71.2103749663523,38.3902379790927,40.5236674018723,88.3255764503287,NA,NA,NA,NA,NA,63.2958029347658,NA,90.9063258054765,NA
1982-04-01,43.9277175957072,NA,50.7957956108451,37.4439792553402,106.348582312017,NA,NA,NA,154.023448309256,60.49924741253,NA,98.4057767452315,41.9310511660248,NA,53.2740132347531,75.1413747765175,51.0639822290587,NA,NA,63.2630975999,NA,NA,139.559023776831,144.91070043196,NA,NA,NA,NA,NA,69.1413234506853,37.8171950438531,40.916851597985,87.2030122570574,NA,NA,NA,NA,NA,61.4940041532667,NA,88.9364769936334,NA
1982-07-01,42.4485335085584,NA,51.0133813657011,36.1005790181717,104.359052518622,NA,NA,NA,152.025503730658,58.6306091003461,NA,97.8499416849617,42.0206616810027,NA,54.7231313269601,74.7179680837832,51.202714706654,NA,NA,59.2721925324952,NA,NA,140.144925590188,146.161181998115,NA,NA,NA,NA,NA,67.4515718289582,37.7041828602595,39.5091041572419,86.2060412662813,NA,NA,NA,NA,NA,59.7744128870766,NA,86.998385485945,NA
1982-10-01,41.3361471056558,NA,49.650017487981,35.7939401809883,105.165044486225,NA,NA,NA,150.43129848978,58.5011290095657,NA,96.5943093944073,43.0423566160968,NA,57.7499770108727,74.5463937274418,53.2986908780151,NA,NA,60.647224028031,NA,NA,133.732163388384,147.004470969841,NA,NA,NA,NA,NA,65.7584997115297,37.3315023236259,38.5314475477963,86.7753084668974,NA,NA,NA,NA,NA,58.5413392182465,NA,88.943670781467,NA
1983-01-01,41.2379834500515,NA,47.4037679080726,37.300464539205,102.497590899146,NA,NA,NA,148.250991516417,61.6252062992511,NA,95.1804654235173,45.1063228619565,NA,59.6432538169327,72.4346881236418,55.8258275562822,NA,NA,60.9275077705119,NA,NA,129.188054665409,147.177135330091,NA,NA,NA,NA,NA,65.6783977581271,37.7270368210165,38.0022262828132,86.8902744223131,NA,NA,NA,NA,NA,57.4764291174509,NA,89.262258186322,NA
1983-04-01,41.5976026785529,NA,46.3343927279533,36.9030631287934,104.246383198758,NA,NA,NA,146.61760316671,67.2161765082575,NA,94.1844190385375,46.5929019515184,NA,60.3947435399454,71.3369103813883,56.6848692707245,NA,NA,62.1002128790727,NA,NA,124.837745156044,146.988667960391,NA,NA,NA,NA,NA,66.6890560068724,37.3626703631273,38.0648784552382,86.6956414436176,NA,NA,NA,NA,NA,56.1991981392906,NA,89.2518342430049,NA
1983-07-01,41.4601991459013,NA,45.0791967118536,36.4892532035312,106.35539696461301,NA,NA,NA,144.885037415263,67.5239043032237,NA,92.9864769533726,47.342791699942,NA,62.1542685065074,70.0788260958533,56.0720070920843,NA,NA,63.8607120281936,NA,NA,121.579372472019,146.975998804913,NA,NA,NA,NA,NA,65.9207335877089,36.8114435681283,38.4689550502045,86.2044677272602,NA,NA,NA,NA,NA,55.0414271757751,NA,89.1660138591051,NA
1983-10-01,42.7106622459778,NA,44.7847016148097,35.7243406244376,107.572996636137,NA,NA,NA,142.785503191846,67.9965095334035,NA,89.4350176361378,47.4457391188622,NA,63.9385866583162,68.6814251339281,55.8726806653781,NA,NA,64.9382556973287,NA,NA,106.182470671804,146.499333177123,NA,NA,NA,NA,NA,64.1846615555197,36.1246315510721,39.6922151445799,84.9267024871119,NA,NA,NA,NA,NA,54.2616046083238,NA,88.7310371330294,NA
1984-01-01,42.7862663060384,NA,45.1626900071817,34.8406501027653,106.886418259622,NA,NA,NA,140.391455201079,69.6967262903219,NA,87.3945794981399,47.1829928862943,NA,64.4318140615843,67.5325600864822,55.8030062305739,NA,NA,63.2594068797943,NA,NA,100.367309589975,146.804450042567,NA,NA,NA,NA,NA,63.0493149790741,37.0786883245541,40.2677995570652,84.2831990587299,NA,NA,NA,NA,NA,53.3772034392794,NA,88.7818754276138,NA
1984-04-01,42.7259546733615,NA,44.9742773944306,34.8420568241672,109.419134069785,NA,NA,NA,138.171047858762,69.8921444413159,NA,85.9187013282536,47.2404663304356,NA,64.5338109804629,66.8506612254033,57.4705170623063,NA,NA,61.1689597281301,NA,NA,96.7593028933722,147.08475784462,NA,NA,NA,NA,NA,61.7823568854908,38.3388350306842,40.5122538908777,84.1313821290651,NA,NA,NA,NA,NA,52.9038208539012,NA,88.972459243521,NA
1984-07-01,44.4784365388864,NA,44.1518350814988,34.6825554373847,108.911495562326,NA,NA,NA,136.283131168281,70.3479589731815,NA,85.0233994627021,47.552381580621,NA,65.9072175323941,66.2098912318926,56.1698392762177,NA,NA,59.0216959074182,NA,NA,94.9460219955553,146.759584589641,NA,NA,NA,NA,NA,62.0631766604065,40.0499766373056,40.7130842921458,83.7002356640035,NA,NA,NA,NA,NA,52.783926538149,NA,88.7653697085093,NA
1984-10-01,43.5148124829312,NA,43.8230790535087,34.2899907984604,108.433200712807,NA,NA,NA,134.300011982724,72.806051935692,NA,84.3296534882816,48.0225244649126,NA,65.2844848271459,66.0220920740948,55.3516474037893,NA,NA,56.7866433205753,NA,NA,93.8805898181325,146.50889553105,NA,NA,NA,NA,NA,61.5497718222141,41.7488352608787,40.694506572569,83.3796509185454,NA,NA,NA,NA,NA,52.0165604207185,NA,88.885931178504,NA
1985-01-01,44.3526403729779,NA,43.2515946068511,34.0578588236758,110.626183288137,NA,NA,NA,132.968897570156,73.7500685513494,NA,83.5987791232793,48.5515877194461,NA,65.68613535561,66.1996087978394,54.8679837689891,NA,NA,56.7408832102844,NA,NA,91.4851857733903,146.114588823399,NA,NA,NA,NA,NA,60.457628412385,42.5652568884074,40.3612611165117,83.0701660987839,NA,NA,NA,NA,NA,51.3493776529744,NA,88.7874788726509,NA
1985-04-01,43.905769042896,NA,42.7641602121594,34.6982794244538,109.483089492769,NA,NA,NA,131.862207780799,76.4019602980696,NA,82.9961129421102,48.9045383589595,NA,65.9499835132847,66.2789712471803,53.3298653533566,NA,NA,55.306686255058104,NA,NA,89.4841679623867,145.893464780794,NA,NA,NA,NA,NA,60.446852298147,43.4294145397452,39.5367798809786,82.7720582041939,NA,NA,NA,NA,NA,51.2147453080197,NA,88.8145567166994,NA
1985-07-01,44.2651191630106,NA,43.1289216919114,35.3598441632683,110.191357546857,NA,NA,NA,131.096493205364,81.4718940299372,NA,82.6512067117627,49.2423323167764,NA,66.047119084418,66.3783790497457,53.116399945004,NA,NA,55.5535321775414,NA,NA,88.3662388571207,145.703566832366,NA,NA,NA,NA,NA,59.5297825492941,45.7205638724472,39.2322931339911,82.9088040022075,NA,NA,NA,NA,NA,51.7069013683652,NA,89.1923197602947,NA
1985-10-01,43.7268047002384,NA,43.0265033066756,35.9440425141454,110.594614817358,NA,NA,NA,130.801672196787,83.030793366255,NA,82.4241984273144,49.3528850119047,NA,65.7819000658452,66.6908003592657,55.2977421741088,NA,NA,56.3113299026929,NA,NA,86.8874619626302,145.303138450463,NA,NA,NA,NA,NA,60.0755527472982,49.1888707725634,38.774131760396,83.1796376663799,NA,NA,NA,NA,NA,50.8686426905104,NA,89.4211911657268,NA
1986-01-01,43.237459557592,NA,42.7374550612249,36.6508258167829,113.101628044072,NA,NA,NA,130.635678696484,85.8992125272605,NA,82.0824265315406,48.4829934115656,NA,67.0081995136576,66.9413106309552,56.0146218478047,NA,NA,56.0298743011988,NA,NA,85.5553264775974,145.395375994132,98.5457425436211,NA,NA,NA,NA,60.8015940285133,53.1073770486321,38.1418126504091,83.4094304997302,NA,NA,NA,NA,NA,51.4691752073599,NA,89.773612598047,NA
1986-04-01,43.3611736501581,NA,43.1298888767358,38.6699036228254,111.249519880614,NA,NA,NA,130.332201926861,85.6515379926956,NA,82.1942501672158,49.8700451094208,NA,67.0641692227932,67.3932774932489,57.8645151446491,NA,NA,55.8374266775418,NA,NA,84.5904462840807,145.69852627444,96.0098454303966,NA,NA,NA,NA,60.635819015502,56.2290017754312,37.629496820662,84.0091361336558,NA,NA,NA,NA,NA,52.0030205974733,NA,90.3554862739696,NA
1986-07-01,42.6380600533331,NA,44.0472888372411,39.8478204991275,112.531256846304,NA,NA,NA,129.500665703323,82.7705570369951,NA,82.9406434769947,53.4220796101255,NA,68.1662403357263,68.0032569694049,59.6560268747614,NA,NA,55.1058627274354,NA,NA,84.2382912883592,145.694782866985,94.7624956046851,NA,NA,NA,NA,62.1266247456466,58.1633559840852,37.6289044097575,84.7910545957822,NA,NA,NA,NA,NA,52.1395649320888,NA,91.2608597284418,NA
1986-10-01,41.7148521981615,NA,43.7774469906956,41.4128314184151,113.634913571161,NA,NA,NA,128.532795645063,83.2258090539151,NA,83.6841819767682,58.3267990805229,NA,69.4549158926826,68.6524371152561,59.0886171099433,NA,NA,53.2649117767765,NA,NA,84.1627875121537,146.989677922614,94.2308197189396,NA,NA,NA,NA,62.1524041958549,58.7762812268657,36.2355049937078,85.5122965922898,NA,NA,NA,NA,NA,53.78688258854,NA,92.1781118724088,NA
1987-01-01,41.2658063785699,NA,44.2644472133129,43.3524097155968,113.305604466432,NA,NA,NA,127.504782134598,76.1209236175228,NA,84.7740484543907,64.4014983722127,NA,69.414045764491,69.4731628684231,59.904549767217,NA,NA,49.2224313286873,NA,NA,84.8089355914406,148.246995705101,92.2138503664966,NA,NA,NA,NA,62.7653771484897,55.5918771121508,36.4686408277285,86.3342458106144,NA,NA,NA,NA,NA,54.4933744695751,NA,92.9543138645355,NA
1987-04-01,40.99621345975,NA,43.9828713752359,43.288569082555,116.784293017391,NA,NA,NA,126.499537880697,75.2416718946544,NA,85.4691598356285,67.8093057151651,NA,72.4776370366966,70.0355166895325,62.196831757045,NA,NA,47.6080484860766,NA,NA,85.8961605726002,151.073681177272,90.8748134209533,NA,NA,NA,NA,62.7944731513102,59.3626978755924,36.916417134466,87.2434388212351,NA,NA,NA,NA,NA,54.9793098576188,NA,93.560366336126,NA
1987-07-01,40.5680872742014,NA,44.3601614271561,43.9693919599914,118.041058508646,NA,NA,NA,126.25125222436,73.8839262356002,NA,86.6370614334168,72.4317374336909,NA,74.8606106820688,70.7419176761486,63.3117864714507,NA,NA,49.4430136971115,NA,NA,87.1161387009759,154.028895289091,92.7592263674972,NA,NA,NA,NA,62.9900689986134,57.4793531473021,37.362945636152,88.1869865611921,NA,NA,NA,NA,NA,55.4864256742626,NA,94.0572171953633,NA
1987-10-01,41.0606573393933,NA,44.6399886742229,44.9145332578112,118.62801393589,NA,NA,NA,126.385894102515,72.1383197417874,NA,87.9200102682165,76.3887275986014,NA,77.9213212336388,71.3885860848002,66.037715507476,NA,NA,51.7133148550689,NA,NA,88.9338757454317,154.797352475856,97.2064501167305,NA,NA,NA,NA,63.3331559115237,57.2451447983136,37.4410228346737,89.047643884524,NA,NA,NA,NA,NA,56.7519987959963,NA,93.9624662323575,NA
1988-01-01,41.5985772035163,NA,44.9037706269852,47.2894175368973,123.329839554179,NA,NA,NA,126.432867496541,71.7724010092879,NA,88.660164635168,78.7913981491394,NA,83.5114070292018,72.0721776151836,68.8246440396297,NA,NA,53.8177298754427,NA,NA,89.290847430757,155.492098640528,99.7320389245564,NA,NA,NA,NA,63.1903838264352,57.2526690241615,37.0530852309479,89.9837537923073,NA,156.253036152609,NA,NA,NA,58.4038342142277,NA,94.2362665278476,NA
1988-04-01,43.0427960018055,NA,46.1675769900096,49.0267317826993,127.560988748813,NA,NA,NA,126.412820769838,70.5056517972775,NA,89.3667634397674,82.696626924386,NA,88.1327733883323,72.6478581953559,71.6413346571871,NA,NA,53.6767212187396,NA,NA,88.5020915223738,156.110809224881,101.94385893142,NA,NA,NA,NA,64.0455983133762,55.5794609196981,37.661301592872,91.1398168588654,NA,156.621005018588,NA,NA,NA,60.0521308875398,NA,95.2821906920359,NA
1988-07-01,46.0873571605851,NA,46.6191548396435,50.0444321389882,130.36221492385,NA,NA,NA,126.012801191966,70.9149620133175,NA,90.4072371619614,84.8150243331911,NA,92.9867415849009,73.1579638328846,78.2588083889671,NA,NA,57.019342934263,NA,NA,90.7403366211431,157.219235068264,104.284690835081,NA,NA,NA,NA,64.7915547182196,54.6342422599573,37.3750666963,92.3362721452829,NA,157.415438968799,NA,NA,NA,61.9153293077621,NA,95.1047937150393,NA
1988-10-01,49.1382061488544,NA,47.0686908102393,51.9849992368122,140.435348535285,NA,NA,NA,125.452978690137,70.4787673301898,NA,92.8738686414733,87.7926249565856,NA,99.5166622676712,73.6549149794371,81.5965890167887,NA,NA,54.57402283373,NA,NA,99.5803247922789,158.112196007473,103.246324547939,NA,NA,NA,NA,65.0112282975052,53.5538266634976,38.6009581551485,93.8615219465894,NA,159.996301285081,NA,NA,NA,62.8057371398389,NA,95.3884437256972,NA
1989-01-01,51.8690377093522,NA,48.8529545488217,55.0437549684333,139.965147830211,NA,NA,NA,125.476026292712,68.720799494334,NA,95.4884176833365,90.8946324661457,NA,102.93516203645,74.3402264403657,83.0249385409011,NA,NA,54.3113340471946,NA,NA,108.35634054326,159.836402228819,105.580152819354,NA,NA,NA,NA,65.5676579723428,51.6069171853179,39.0494048892646,95.3268561379257,NA,161.64261970581,NA,NA,NA,65.1369733211604,NA,95.5569172965568,NA
1989-04-01,52.0405850807509,NA,50.2209976741293,51.0662738273795,142.96325998312,NA,NA,NA,125.208219866176,67.7434198680617,NA,96.8920201694197,93.6459449212815,NA,100.929413240558,74.9847759730787,83.8708700099747,NA,NA,55.6204566488549,NA,NA,112.778795367977,161.869304195668,110.751120781714,NA,NA,NA,NA,66.1047823675443,49.3431411562106,38.9827206142182,95.91279199383,NA,160.60190504857,NA,NA,NA,67.1139111669828,NA,95.6727076907473,NA
1989-07-01,51.2825949669907,NA,50.9569593105486,52.9166026067245,142.832775361922,NA,NA,NA,126.299830184343,65.7886901535284,NA,98.2797225477672,95.8870364892827,NA,97.6153106302569,75.4095691992785,83.4817886390092,NA,NA,53.7952999180296,NA,NA,116.062666639377,164.608486651327,110.558025380358,NA,NA,NA,NA,67.3502884428709,46.236304219088,38.7019403500219,96.8981369537392,NA,165.221829283732,NA,NA,NA,67.9526897958662,NA,96.4943566975287,NA
1989-10-01,50.1863250359459,NA,52.8318307026941,54.3516644847955,141.628185591744,NA,NA,NA,128.310857203574,63.8766733837174,NA,100.218844739071,98.0706976611856,NA,92.7344071222626,75.936057247322,80.5307226868918,NA,NA,55.3059297673231,NA,NA,121.379980628468,169.780696555079,111.065565102308,NA,NA,NA,NA,67.4210529953775,45.0909473172266,38.9258923507152,97.6885685651729,NA,165.108901776645,NA,NA,NA,67.3902111392649,NA,96.4443207435193,NA
1990-01-01,49.8397491623877,NA,54.0641476482238,51.7849877045492,137.564358669419,NA,NA,NA,130.325912582785,60.1629205947777,NA,101.984125600981,100.48237367968,NA,89.1896942411362,76.3705777378886,77.8085856236344,NA,NA,54.0878961611696,NA,NA,127.117877768013,175.036020263191,114.192972665378,NA,NA,NA,NA,66.5781713150162,43.842015492132,39.0883646375213,97.9439930123791,NA,160.024535825001,NA,NA,NA,67.6530194458101,NA,95.6374496009993,NA
1990-04-01,49.7924520485818,NA,53.9657338676535,48.9912268075576,131.386937453285,NA,NA,NA,131.886696629612,59.3580413612089,NA,103.135417689148,100.93322944043,NA,88.0158120861869,76.8433676609574,74.6850534090571,NA,NA,52.5636964992081,NA,NA,130.709693827399,180.200562286729,116.250268944054,NA,NA,NA,NA,66.9541717445682,42.8892456439724,38.4393216805033,97.6460414977869,NA,158.998631287069,NA,NA,NA,65.808778955306,NA,94.2168368819569,NA
1990-07-01,48.8793687734688,NA,54.5369699656184,49.9521170865056,129.182721736645,NA,NA,NA,132.485292201814,57.4362239015344,NA,103.63403608873,101.045543623273,NA,87.9558367584815,77.29848318539,72.1873130072093,NA,NA,52.4457955128727,NA,NA,132.414312034013,185.170886039225,115.609147815804,NA,NA,NA,NA,65.602470857686,41.2994759436015,37.9626868215704,97.2518698938515,NA,159.110828403086,NA,NA,NA,64.7613487020926,NA,92.4728179522222,NA
1990-10-01,48.2760823798848,NA,54.8571743940428,48.7145076455325,123.419261857249,NA,NA,NA,132.642032082281,56.4357310912695,NA,103.920101052394,101.197883940205,NA,85.2447924082346,77.2803318661812,70.132860231525,NA,NA,52.2519535106394,NA,NA,134.43222698408,186.058980934969,118.126136771995,NA,NA,NA,NA,64.7764134644194,39.3609985652547,37.5527215282148,96.688365720327,NA,159.816023682935,NA,NA,NA,63.5052254891432,NA,91.5141599680753,NA
1991-01-01,48.0226666958618,NA,55.3266616967863,49.8870103189071,119.496376684469,NA,NA,NA,132.809258363576,56.9963866479979,NA,104.45448571768,104.389668830502,NA,78.9596673801976,76.976800625265,68.3092439036723,NA,NA,52.1912125435571,NA,NA,137.096574278713,187.225616654371,117.834409775662,NA,NA,NA,NA,64.6570390891823,38.8017755963427,36.5001628923841,96.5526849178837,NA,153.159556509641,NA,NA,NA,60.3988326548246,NA,91.0346014152319,NA
1991-04-01,48.251417984898,NA,54.1088577324685,52.2160765863014,116.664991306784,NA,NA,NA,131.880728431753,57.064497331451,NA,104.066542944212,105.231555319314,NA,77.5177022952499,76.4144488103275,65.18577076554,NA,NA,50.9170867202107,NA,NA,137.237913011686,186.260302399036,117.457272990022,NA,NA,NA,NA,64.9552159259286,37.7672205585171,36.1995003842868,95.8475402926492,NA,153.835657377507,NA,NA,NA,55.2099841983696,NA,90.3640615368405,NA
1991-07-01,49.7165847849588,NA,55.2576443336547,49.8239882595421,117.381770234985,NA,NA,NA,131.72268944533,56.6905965844899,NA,103.892915002463,106.386118636465,NA,74.8226229771589,75.4979946826261,63.8363186135215,NA,NA,51.0664321485568,NA,NA,137.36552668035,184.296668876709,114.383497443445,NA,NA,NA,NA,64.617363814189,36.8761230443191,36.5329452596158,95.0853309383633,NA,153.11167061221,NA,NA,NA,53.6653400606195,NA,89.732595685937,NA
1991-10-01,49.4577314723236,NA,55.3698326187455,49.2683071873209,112.708433893929,NA,NA,NA,124.009083686579,56.4539909016139,NA,101.746521420743,106.094832373055,NA,71.8465895509195,74.3204796763351,62.8129582699397,NA,NA,52.6095355519044,NA,NA,137.958008775341,181.399838078916,109.56885797956,NA,NA,NA,NA,65.7023188747554,36.2450300372832,36.5175566643644,93.9384961748827,NA,154.138015900031,NA,NA,NA,52.7533731688005,NA,89.7097844394061,NA
1992-01-01,49.0367520844055,NA,55.3496855398405,49.4114975009556,108.947624881114,NA,NA,NA,124.753977328089,55.5067066710458,NA,100.994105861291,100.366611606764,NA,69.9153507317115,72.927296063603393,61.0864690913961,NA,NA,50.9372601107783,NA,NA,138.186481395844,178.691454900719,104.67090967546,NA,NA,NA,NA,67.0740142700454,35.2575820537702,36.2712428752371,93.1982165324243,NA,151.552549357621,NA,NA,NA,49.5751804519989,NA,89.909929607936,NA
1992-04-01,49.0750046748749,NA,56.1208981839029,49.963901364175,106.644788248701,NA,NA,NA,124.321676679306,55.0706893695714,NA,100.026147265537,98.4342999071763,NA,67.0131066982591,71.3577736162581,58.5842913448259,NA,NA,49.4847554592586,NA,NA,138.591891833116,174.331680716354,100.197939141775,NA,NA,NA,NA,64.6310862982511,34.4639288426524,36.8314671628875,91.9357898401093,NA,151.711906774471,NA,NA,NA,47.7143268798528,NA,89.1923379300825,NA
1992-07-01,49.0531672290968,NA,55.3342530928006,50.7235817386981,101.811837536543,NA,NA,NA,124.084310884796,54.0473063198541,NA,99.1547974756981,95.2219681011149,NA,62.2427710899179,69.8619312433519,56.7892602548299,NA,NA,49.1800798038375,NA,NA,138.055548455619,170.789848407883,97.8038765891766,NA,NA,NA,NA,68.0666462518558,33.9948403368074,37.0510763380841,91.1545571401973,NA,147.066989573318,NA,NA,NA,45.2490942872222,NA,89.2987603553557,NA
1992-10-01,49.4232111087005,NA,54.8996117555432,50.865512689134,99.7043896598528,NA,NA,NA,123.644633771682,52.1761458412166,NA,97.9746396188683,93.1767403990856,NA,59.7067886022747,68.7197962698787,54.5003386225727,NA,NA,43.7841277284623,NA,NA,136.801587788801,167.721417387476,96.1332520405929,NA,NA,NA,NA,67.5121539078232,33.2828174537163,36.9534695360164,90.229647126925,NA,143.632495172476,NA,NA,NA,41.8732419324509,NA,89.3423463296665,NA
1993-01-01,50.0138018678492,NA,54.9210452644299,50.5989285875051,97.2186735023867,NA,NA,NA,118.295706095482,51.0704606186585,NA,95.6666708925816,90.2020010946471,NA,58.5613237146741,67.8760951757238,54.3692357513249,NA,NA,43.3833272977452,NA,NA,135.02874898048,164.62544360292,94.037868432649,NA,NA,NA,NA,67.5890523785185,32.2107697928609,36.9331220702674,88.9231979953644,NA,141.003946573677,NA,NA,NA,39.0053130008652,NA,88.6929790414567,NA
1993-04-01,50.1512799570145,NA,55.6725466154377,50.5641938028541,95.5387101519762,NA,NA,NA,118.021130793732,50.049242373155,NA,94.9492663191474,88.2540604459203,NA,59.0568704540219,67.2237669573166,53.7290218033079,NA,NA,52.9437959462478,NA,NA,131.785629506524,162.354306251284,91.5256120315389,NA,NA,NA,NA,67.7315856325666,32.9854735128277,36.7368240639806,88.4267448251106,NA,138.811578311576,NA,NA,NA,37.8311238784556,NA,88.8427348278331,NA
1993-07-01,50.17812721991,NA,54.91904469823,50.0159710101981,91.1917289954585,NA,NA,NA,117.845910814988,52.2702597590413,NA,94.3771719979231,87.9427240012294,NA,61.1947707315177,66.9925664454402,53.1544773980368,NA,NA,56.3582483432156,NA,NA,128.273197725034,160.053464389133,89.8406462726733,NA,NA,NA,NA,68.8536431694326,33.8174193473674,36.7480690110788,87.9611156092415,NA,135.772908274174,NA,NA,NA,37.0155839481498,NA,88.9584357385194,NA
1993-10-01,50.4284655689983,NA,56.2426566089952,49.8639216093134,92.1253479047445,NA,NA,NA,117.981417815161,54.777341182607,NA,93.9871136151992,87.1713115311693,NA,64.6108524139453,66.6379863978921,52.3126633253431,NA,NA,58.7396465919362,NA,NA,124.781538314452,158.170183908755,88.3868974708701,NA,NA,NA,NA,70.4277987795079,35.2740580194827,37.2433222652837,87.7329516675941,NA,133.747982193978,NA,NA,NA,37.3757212705308,NA,89.2143102203556,NA
1994-01-01,50.9943467700898,NA,56.1495567018596,51.7073561340462,93.2691314335492,NA,NA,NA,117.346724107711,57.5521875840654,NA,93.1848183905547,86.4960409127829,NA,64.8087505854083,66.2582047627683,52.5038326939993,NA,NA,60.3616736995995,NA,68.2424045659805,120.856999131211,156.366066999809,87.0956419422438,NA,NA,NA,NA,72.5139586572999,36.7616980565987,38.5475137074363,87.5494045767952,NA,132.909839210185,NA,NA,NA,38.1796627013381,NA,89.1819154596798,NA
1994-04-01,51.4884458286043,NA,56.4092686209804,51.1270439324565,93.6767890355755,NA,NA,NA,117.063913132371,57.1725873354114,NA,92.2634811756823,84.4861644110022,NA,64.9823312002348,65.5978915841535,52.5875232640547,NA,NA,59.3561286388164,NA,71.3373570884099,118.233751267944,154.947946952356,86.2586860489004,NA,NA,NA,NA,73.060041484968,37.1225435786434,39.2508076597828,87.2100901572696,NA,130.42939735969,NA,NA,NA,38.2233913858774,NA,89.3278671170275,NA
1994-07-01,52.1547058073683,NA,56.7229104103497,50.9542374717811,93.8877502707117,NA,NA,NA,116.567111919155,56.3222949779842,NA,91.6070408136197,84.4758975029699,NA,63.6859563803156,64.8251842116157,51.9680853775511,NA,NA,61.0657856374138,NA,73.4295779628311,115.820729995944,153.533175028867,85.9528751374513,NA,NA,NA,NA,74.2179211118857,38.4407959316842,39.446478460574,86.8080423840444,NA,129.830061178084,NA,NA,NA,38.119863213409,NA,89.193975443912,NA
1994-10-01,51.8791261347435,NA,56.4126139129813,50.6979769096883,92.4567247753469,NA,NA,NA,115.983387636044,56.5847652721383,NA,90.9376529530251,84.3423600009205,NA,62.6047527418989,63.901757178995,51.9723088981701,NA,NA,59.0315306999031,NA,75.5163418395817,115.025803303271,152.271685236626,85.0391689137021,NA,NA,NA,NA,73.9720750621017,38.6720781420462,39.7026592436493,86.3530524445865,NA,129.500818257831,NA,NA,NA,37.709487744965,NA,88.9285159537528,NA
1995-01-01,52.2154666743504,NA,57.2385493582311,48.9568781756899,91.0846947727959,NA,NA,NA,115.678862806648,57.5950346553437,NA,90.4575771504602,84.340825856422,NA,62.4436064008732,62.834412509392,51.1054965767957,NA,NA,60.100152272474,NA,76.5861894297638,114.046988678295,150.745331070605,83.9421226772661,NA,NA,NA,NA,74.2728182949419,39.0911596820217,39.3861125818308,85.8730558179245,NA,128.844163409851,NA,NA,NA,37.7393691078039,NA,88.9098819673797,NA
1995-04-01,51.3686573647658,NA,57.0145667361016,47.1861011774916,89.4657241268314,NA,NA,NA,114.82957600343,59.4476342953527,NA,89.4917738490792,84.0944943968275,NA,61.7921068136222,61.467247492948196,50.6461980178816,NA,NA,58.5452182702251,NA,78.7525813958594,112.714275397051,149.597121485637,83.2042332358193,NA,NA,NA,NA,74.3063193791517,39.5552265880984,39.9291468526202,85.1856754764366,NA,126.607892529885,NA,NA,NA,37.3630433585972,NA,88.5402374763956,NA
1995-07-01,51.1237045775804,NA,57.3741183936117,48.20936995399,87.9609859078661,NA,NA,NA,113.032051985285,60.8988876672752,NA,88.1970399589378,82.6060612696205,NA,61.397533934984,60.0856515405416,49.6598119408831,NA,NA,58.3541381947414,NA,81.0046439577858,110.963077145926,148.488871835638,82.4871947672503,NA,NA,NA,NA,75.0271725351116,40.0984190371979,40.596788139719,84.7045703669288,NA,125.297622809905,NA,NA,NA,36.6163549348389,NA,88.6372790145608,NA
1995-10-01,50.7952858895255,NA,57.6649797574442,47.8535960661343,86.3932498138265,NA,NA,NA,111.491775994545,62.3062584057704,NA,87.2932142483899,82.2936646953159,NA,61.2367865501275,59.5607223985216,49.1481166825366,NA,NA,62.324652114644,NA,82.5426637744612,108.183910121676,147.13087201578,81.6073267418572,NA,NA,NA,NA,76.1301991667447,40.9308967132179,41.1900547881512,84.1469984717335,NA,124.445663773926,NA,NA,NA,36.3415383572375,NA,88.3873599929603,NA
1996-01-01,50.2771175913849,NA,56.726159182093,47.1992230986592,83.9623863846205,NA,NA,NA,110.54338371761,63.1261796074153,83.1512797872958,86.468613029941,81.1773885020255,NA,61.8439345231798,59.2654789244063,49.543084150471,NA,NA,63.259123376062,NA,83.8287726147396,105.636066666811,145.97417156279,80.9764147666663,NA,NA,NA,NA,77.2353403211137,41.4767698856502,42.0340094925943,83.804746138277,NA,125.421034053202,NA,NA,NA,36.0691775741137,NA,88.4698079359382,NA
1996-04-01,50.4206899076893,NA,57.1094907519843,47.6525959504083,83.2445952490417,NA,NA,NA,109.196709902935,64.4148120417316,83.046121369562,85.5392155092536,80.299013053095,NA,64.0706710509317,58.9780525378155,49.0306192147419,NA,NA,65.4274094665887,NA,83.5637860553833,102.043616731352,145.028397913973,80.8053157312136,NA,NA,NA,NA,78.9932118077777,41.9606884451346,42.349586111376,83.4314872903978,NA,125.088405920074,NA,NA,NA,35.6866233305898,NA,88.4559503502649,NA
1996-07-01,50.2716362247522,NA,56.989229513906,47.5029916757502,83.1498378756086,NA,NA,NA,108.135561924591,66.1955789168145,82.7319525519603,84.5055978616287,77.9590528886701,NA,66.4587959813109,58.7524614285356,49.4663465272276,NA,NA,67.7942540336758,NA,83.3536680073735,98.7494699024771,144.077504496816,80.3507140914705,NA,NA,NA,NA,80.3278884166328,43.0947461484133,42.4160488819435,83.0568039505532,NA,124.168039274647,NA,NA,NA,35.9477998200134,NA,88.3220801046831,NA
1996-10-01,50.0472233117256,NA,57.7874825092643,47.3692264478401,81.2465149659448,NA,NA,NA,106.875393127449,68.2049412943801,82.4651016951662,83.9224923896161,78.6335429269592,NA,68.4690290689129,59.3147305692768,50.7640310427036,NA,NA,66.0916529460015,NA,82.3373990272819,94.9524730103443,143.097833553455,79.9930701622129,NA,NA,NA,NA,82.0595861392073,44.5525959049398,42.8101925649763,82.9004137744716,NA,123.971689985912,NA,NA,NA,36.3056372289581,NA,88.242560790217,NA
1997-01-01,50.1514897017123,NA,55.7894848887799,47.9753123504405,79.8149008962857,NA,NA,NA,105.552999546509,69.6774683309187,81.3128609509472,82.5281534335656,78.3189982599173,NA,72.0689868432886,57.6361740459453,51.0516525782675,90.3038362662931,NA,69.4935101453814,NA,82.4159538777827,91.4106932581661,142.356430350581,80.6486787309576,NA,NA,NA,NA,83.7168985294819,45.1998337097709,43.6071525404047,82.4936306793687,NA,123.962238922935,NA,NA,NA,36.4599946424094,NA,88.1136865176417,NA
1997-04-01,50.3615759562177,NA,57.5917994278279,48.3583300174872,79.3801371583764,NA,NA,NA,104.488195438201,70.7099097650141,81.8231441065938,82.6524908021285,79.2618625714303,NA,73.1292656571137,58.5322771228299,51.4724732923875,90.3932808351891,NA,70.155865617488,NA,81.6293138037426,90.3120742028206,141.553476936212,80.6339211841029,NA,NA,NA,NA,85.1909202629384,46.4368271312937,43.9462620683628,82.5833054097587,NA,123.878436354997,NA,NA,NA,36.9336234671799,NA,88.1918446456748,NA
1997-07-01,51.0358318110028,NA,58.0950998889824,48.1022676468261,79.6146297084641,NA,NA,NA,103.63570150224,71.7760463053695,81.5422254087788,82.0994091887388,78.712464514272,NA,74.4003500991391,57.8667664300834,52.8023375130263,91.9337457368829,NA,71.0260055464013,NA,80.7575052514614,88.867408216281,140.852169665795,80.3241914194629,NA,NA,NA,NA,86.2131192526663,47.1063295979196,43.6795193725597,82.4991494751952,NA,124.681408080731,NA,NA,NA,37.4334693131292,NA,88.1662151541248,NA
1997-10-01,51.5741035428177,NA,58.7480228149636,47.692303625201,79.3912296489809,NA,NA,NA,103.079177610717,72.3885295869197,81.3378436973426,81.8791864866763,76.0981593981774,NA,75.7519760087359,58.107712941224,52.7751042427593,94.6521256855682,NA,72.7352257164387,NA,80.0159779148033,88.2252372048825,140.301334094726,79.5911559335685,NA,NA,NA,NA,87.9888228318183,48.2389150691067,43.2038295723128,82.4364232902244,NA,125.053303512865,NA,NA,NA,37.9993177043763,NA,88.3416422879025,NA
1998-01-01,52.5119328383164,NA,59.5808621397155,47.3614501310654,79.3108204607258,NA,NA,NA,102.587969507671,73.8174764849065,80.7590344483419,81.7747733457614,76.1194846909849,NA,76.7844015719756,57.6687450944325,54.1764384132771,96.8003482908577,NA,74.8234489681293,NA,77.9503613791702,87.8158222765938,139.459179255397,76.9235488517203,NA,NA,NA,NA,89.1478274831845,49.9835102896143,42.0876362263952,82.5571961373253,NA,125.313490652748,NA,NA,NA,39.1797999237747,NA,88.7233044554522,NA
1998-04-01,52.990562086974,NA,59.7049731444115,46.8237016083278,79.0165776965975,NA,NA,NA,102.036304439087,76.1120992625904,81.2701583273979,82.0328418517933,78.1837085106569,NA,77.9059094964618,57.9103689360527,55.9192351318834,98.3846692685045,NA,81.2105596834588,NA,76.8336713568145,86.9033174160586,139.675984703863,71.8789886761934,NA,NA,NA,NA,90.6975622972181,50.9896846382595,41.3024070105552,82.8328791201888,NA,125.878536982903,NA,NA,NA,39.8637142615573,NA,89.2101866499079,NA
1998-07-01,52.8054846770562,NA,61.1316551119854,46.5251892223729,78.5561999390149,NA,NA,NA,101.650794271512,76.5992202482919,81.6253583974095,82.3950645599512,79.2351774434826,NA,79.3461762310697,58.1637693383332,56.9636551176557,99.2478194896174,NA,87.6397607691153,NA,76.2776828075105,86.5754720695875,139.08760836141,70.7100396306139,NA,NA,NA,NA,92.5115818611983,51.4035350534686,41.7225553648349,83.0988471583666,NA,126.972587070151,NA,NA,NA,40.7040938402309,NA,89.6489236103436,NA
1998-10-01,53.2964988538932,NA,61.6006779922183,46.8892002638817,78.3180232744831,NA,NA,NA,101.721902327647,77.621035597102,81.6818873973923,82.8731180900888,78.7087675714244,NA,80.370979318204,58.5472910706119,57.1186263560102,100.315004195511,NA,96.4938019262406,NA,73.7797577815553,86.935167814629,138.128202388389,70.532947890056107,NA,NA,NA,NA,94.9015473395994,50.6658033031043,42.4164473253357,83.4364883034628,NA,128.622683937099,NA,NA,NA,42.0058056276727,NA,90.2463345247023,NA
1999-01-01,53.8984289670942,NA,62.6449543497053,47.2270601354822,78.6081396456887,NA,48.7750759831954,NA,101.589499904183,78.2017416421672,82.1164616527576,83.8505648596774,79.3523160966173,NA,80.8616284484524,59.7545456516327,57.8750049950138,100.698643752063,NA,110.012037626162,NA,74.2142150189601,87.5618354977877,137.153691790754,72.529945717659,NA,NA,NA,NA,97.8053943927637,51.9020113530668,42.8842632206973,84.1991496137473,NA,133.721118128257,NA,NA,NA,42.6300218710613,NA,91.2001988056199,NA
1999-04-01,54.6914375302299,NA,63.718495693961,47.5868700919623,78.3720323728706,NA,47.421459996438,NA,101.116747415446,78.7694728967951,82.7442957868013,84.356997896156,79.2282594711838,NA,82.0447475312882,60.1401525550261,59.0832916140897,102.142666396549,NA,117.340360367308,NA,73.799862262949,88.2874416500052,135.582449779145,74.1819325081676,NA,NA,NA,NA,101.216568155651,53.4171822069275,43.3970923524469,84.707354133059,NA,134.907166209516,NA,NA,NA,43.8881574708419,NA,91.8640714308786,NA
1999-07-01,55.6894956781309,NA,64.7724844008725,47.8080934805012,77.5640836936562,NA,46.8665328036732,NA,100.864886950083,79.4829483306289,83.6013308054762,85.6228842849703,81.1403278069603,NA,84.4676778281842,61.5413092859257,61.2246166890532,103.479328007265,NA,127.750510971672,NA,73.0508096952119,89.3861664218687,134.293015677228,75.6246544623272,NA,NA,NA,NA,105.372895163695,55.7586899354099,43.6568316605802,85.5768611786389,NA,137.576398085579,NA,NA,NA,44.7986167603273,NA,92.6930776244337,NA
1999-10-01,56.7564940843196,NA,64.3420186923703,48.1734896135106,78.0868760952078,NA,46.9682097681527,NA,101.109150413747,79.7964393781779,84.425309707204,86.8328186697346,82.9212774470692,NA,85.0820268767706,62.6058798793695,63.2394692713158,104.966674716563,NA,142.965590328878,NA,72.1005640615542,90.556291408708,133.278250908891,76.2727559163607,NA,NA,NA,NA,109.765796956446,58.3359884804266,43.2250238556677,86.4051010645674,NA,138.424388256328,NA,NA,NA,45.6217972490672,NA,93.465735985091,NA
2000-01-01,57.5349704411188,96.1737240557823,65.9506975429387,48.6445308693036,77.191233774437407,NA,48.0947107076804,NA,100.804852551116,80.2316196573905,85.4564724283998,87.9324216813498,83.2759029750923,NA,84.3964975609654,64.7262104659925,65.258277459524,106.297971328795,NA,140.728317629589,NA,71.2495702788701,91.6959403183909,132.18009216956,76.7039857140806,NA,NA,NA,NA,113.870289968232,60.2481446487356,42.7178652276815,87.1632928054476,NA,140.165679090368,NA,NA,NA,46.9419422937192,NA,94.2227322220981,NA
2000-04-01,58.1845255835591,96.2445102404856,66.1498685231197,49.0214797763664,76.997809435592,NA,48.0109650610431,NA,99.5766033711485,81.510105091592,86.179766415512,88.4107805982779,82.9396973847064,NA,83.3589710006452,65.8192110230551,67.2313036217659,107.978440367902,NA,138.625768958325,NA,72.1292366247122,93.3677490244082,130.90135223787,76.8306284459546,NA,NA,NA,NA,117.390962703842,61.8489271954241,42.7236281094333,87.7477724287215,NA,142.290504586116,NA,NA,NA,48.5752288778201,NA,95.0474504120009,NA
2000-07-01,57.8328511924268,93.1330015153549,65.9876694081437,49.3881123479931,77.4627862971641,NA,47.5129233721473,NA,100.435999821377,82.5267129779545,86.9004405321885,89.3261223830982,83.3360571068936,NA,80.2275843942677,67.0240790584329,67.0737532833834,110.346832053726,NA,131.781567251064,NA,71.0610112406092,94.8668301773175,129.478818724817,76.2539020869124,NA,NA,NA,NA,121.363881023597,61.1639975497292,43.3094322889366,88.1496094411794,NA,143.866167207398,NA,NA,NA,49.6974865603635,NA,95.7512376283981,NA
2000-10-01,58.6979418233255,94.170906571005,67.2666882289605,49.7297138407387,76.4585574604576,NA,45.7853323846828,NA,100.933976647243,83.5480825935898,87.691152321081,90.2640346118453,84.7639978163094,NA,78.089278676874,67.8608017412368,69.3968215082997,112.996901746561,NA,125.869147386749,NA,69.9508865054604,95.9731686474076,128.041124043267,75.527712867448,NA,NA,NA,NA,124.030777895344,61.4867808343088,43.1637555296662,88.7985038905195,NA,146.706585846314,NA,NA,NA,50.6262221981228,NA,96.5757590361391,NA
2001-01-01,59.7000899202553,94.9448829463065,67.6997766027283,50.1160038994822,76.3207975485181,NA,49.2823096289307,NA,100.423244816758,84.3850935329434,88.5026485080521,91.1332380303967,86.0907022871408,NA,77.1377829160627,69.5817197932272,69.6471250063946,116.497119172159,NA,123.215308484301,NA,68.1602937916071,97.126807030873,126.685297709475,74.9417704469797,NA,NA,NA,NA,126.001894294691,61.872373226561,47.4138955856148,89.3663591026025,NA,147.00468718686,NA,NA,NA,51.7960959173091,NA,97.5368435056692,NA
2001-04-01,61.1304143142917,91.8890517910749,68.2142152519564,50.347440098797,75.3628790298112,NA,47.6867399476136,NA,99.7333186017095,84.3923234321107,89.2811977996406,91.8257486821305,86.6626244961024,NA,77.0199652609354,71.0851246671825,70.0454540791233,119.557129045741,NA,122.777537401576,NA,66.4564095955345,98.7253082838712,125.513650001787,75.1985440543111,NA,NA,NA,NA,128.392743246359,62.5238947042681,47.8027648072883,89.7253940076402,NA,147.521422147728,NA,NA,NA,51.7407895690612,NA,98.049925102273,NA
2001-07-01,64.0023070358543,93.6269586892398,68.4691347325082,50.860246760989,75.0581422179406,NA,48.464052006086,NA,99.2522524494981,84.5195406355327,90.10668780667,92.5243104960309,87.9791589187327,NA,77.1872606951129,71.94037676932,71.5141221579191,122.009249417128,NA,124.847580951702,NA,65.6414401040752,99.991189900382,124.021857576982,76.8452685369531,NA,NA,NA,NA,130.239517970824,63.81300122541,48.7877951797093,90.2859799826979,NA,147.176717771669,NA,NA,NA,52.1179433582215,NA,98.5788991275277,NA
2001-10-01,65.6439670380207,91.9710907566168,68.5533129334569,51.4830504495826,75.8979742626647,NA,49.7043223452117,NA,98.1201164656794,84.1919163450792,90.9234658203514,93.1927528468213,90.3863586681556,NA,78.8486189717999,72.8684651282046,70.4504925947131,123.525948874833,NA,128.103638453165,NA,65.1381157837006,101.917947961447,122.423820978928,77.8441197595798,NA,NA,NA,NA,131.332646927313,63.6932728898014,49.3326574386807,90.5801397232378,NA,146.431916355061,NA,NA,NA,52.1577156318209,NA,99.1291370637777,NA
2002-01-01,68.2292046958539,93.3358746316996,69.2822080440576,52.2431392214584,75.5198883249874,83.9879146173173,47.280012295492,NA,97.0830545234447,84.7799206881441,92.1982340653501,94.0694117472632,93.5028747460611,NA,80.7892382677487,73.5075485664183,73.4755143847648,126.772054100404,NA,132.439751727647,NA,64.4592427963629,103.946573992295,120.80483432623,81.5605556229947,NA,NA,NA,NA,132.739650500927,63.5801332055902,50.1722010386016,91.4011935579828,NA,144.91150054989,NA,NA,NA,52.7627812841587,NA,99.7303844138733,56.2557472376206
2002-04-01,71.5826984425529,92.5062907386946,70.4103967013372,53.3003492432279,75.0802292776412,87.0038584112242,48.0105997273634,NA,97.1502631633921,85.2338018627417,93.2859232215144,95.3977649038375,97.7837698695577,NA,81.9933178486883,74.7731488075692,77.4226244055,131.605743471073,NA,135.740857079211,NA,62.5463749206908,105.586588803528,119.257721596236,83.2386028359048,NA,NA,NA,NA,133.456126801044,63.9034461650913,51.3618495107482,92.5235153759735,NA,143.713479044624,NA,NA,NA,53.4675457916087,NA,100.729970315902,55.6332029802299
2002-07-01,74.1973483136732,92.6292150696303,71.2888528654406,54.2565678036181,74.0527429996934,86.8362882465649,48.2529060503685,NA,96.8640794182692,85.2483958497558,94.1800197469874,96.3651500045574,99.5644102802792,NA,82.9947210651982,76.4061856150371,81.5261348586806,131.797795816067,NA,138.504119072862,NA,62.0344646268372,107.419710731681,117.580525592362,84.9215786608816,NA,NA,NA,NA,134.104767818495,62.8983819822403,52.9668509775225,93.5614475146787,NA,142.390697926958,NA,NA,NA,54.623317617767,NA,101.976710405525,54.1001136030636
2002-10-01,76.2262462733605,89.9152089698381,72.2306817862466,55.0864467707001,74.4143310209289,85.8025823658766,47.4935866951859,NA,95.9748477624264,85.8593729854123,94.8185318029261,97.1308481850228,102.575926678411,NA,84.5873375767559,77.932510560603,86.102684690545,132.340975621837,NA,139.794599046134,NA,61.4113081617982,109.102576980382,115.833007859539,86.5288137999225,NA,NA,NA,NA,133.840381473693,62.848298370323,54.5666465289775,94.570287525609,NA,141.847044055209,NA,NA,NA,55.5051781122746,NA,103.30881531185,52.2603449879647
2003-01-01,78.7796680999777,88.5877512243887,72.6017562910309,56.1061188188446,74.6297941000731,86.4947713478423,47.2390551049223,NA,95.8239391184886,85.0393430489122,95.6475209795011,98.3161474776459,106.26990495242,NA,85.2831384061743,79.430969328183,88.5135939926078,132.487572795342,NA,152.154478796649,NA,60.0821252288454,110.902642146756,114.059677636131,86.9983501395155,NA,NA,NA,NA,134.001011339092,62.0200170124839,56.537671712362,95.482897235591,NA,141.990345854253,NA,NA,NA,55.4930455482574,NA,104.606526722919,52.8162828455552
2003-04-01,82.3203387867487,88.0763657136256,73.298764665615,56.8048379438606,75.7527788358992,85.6276336134747,47.5750518922377,NA,96.9672197736781,85.2534925131908,96.5768413841349,100.194285856424,112.007100887917,NA,86.7378620934207,81.2022521983048,89.830525219903,130.277715467025,NA,160.960980593083,NA,60.6199621939775,113.194637986429,112.189095434418,88.260054709822,NA,NA,NA,NA,134.417789262249,60.8653343110785,58.3852558415152,96.5588754379208,NA,141.641259541545,NA,NA,NA,55.7427410528537,NA,105.882482503446,56.1520845373412
2003-07-01,86.5705225936047,86.8388463130588,74.4441539807929,57.6471075173429,76.1736209824658,86.4460924100057,47.2892986339636,NA,95.8259407119723,85.7507707357547,97.5639023790556,101.231284426832,115.279862963563,NA,89.7631632655572,83.1548176891099,90.9172319992942,130.729011281977,NA,173.279428878275,NA,62.2967999383148,115.475936730154,110.419654004408,89.0575949269616,NA,NA,NA,NA,133.540135905599,61.6916446785821,61.9557858764703,97.4684234071267,NA,141.198859619823,NA,NA,NA,56.1875660364869,NA,107.279114200196,62.73014541029
2003-10-01,88.6174894987813,90.409871334607,75.8638553028517,58.7816928006303,75.851451692803,86.4460644407549,48.6723259921457,NA,95.8090187836648,86.367037804937,98.7576379739978,102.846356750346,119.10801108379,NA,91.463778509566,85.5716139260468,93.0474051203112,130.061136444275,NA,176.176207607508,NA,61.7142550875245,117.602923923202,108.658147134401,89.7438504355146,NA,NA,NA,NA,134.821827688596,62.9733629708565,65.5111324262575,98.6504750192941,NA,140.688836995448,NA,NA,NA,57.3467388168985,NA,108.968317096267,71.8830921160403
2004-01-01,88.6259920191367,82.3435674227882,77.0222297740975,59.9617196346253,76.3459152768892,87.8741576506765,48.8096944116621,NA,95.7130064672523,87.872502874924,99.6363873620198,104.03157736054,123.259779039664,NA,93.3371895878586,88.4155447403518,94.588784102963,127.484013537813,NA,177.314864157338,NA,62.1995756587711,119.616002653074,106.996372823923,89.0371354617022,NA,NA,NA,NA,135.361414991848,65.8439112005486,66.9921529850419,99.6392550855978,NA,139.894293838515,NA,NA,NA,57.9845601035149,NA,110.760614113251,78.2449045440212
2004-04-01,86.8592810732675,86.3593764529572,77.5428006241001,61.0140356307377,77.1742045731406,88.1441690888244,49.6415856000442,NA,93.9016767145779,89.5561082234043,101.000598925049,104.89021237959,127.147747590504,NA,94.9688721343141,90.8174251793246,98.560825899479,126.43258809188,NA,179.759912703872,NA,62.2305354456254,121.190365808589,105.587741044952,88.2717913019186,NA,NA,NA,NA,135.793308750051,66.0266878185094,68.6112873666743,100.606201743827,NA,138.87029466461,NA,NA,NA,59.1985963745431,NA,112.465639789345,82.9628698232614
2004-07-01,86.3033924168886,83.8007766974145,79.690787879732,61.8778155216167,78.1591629504648,89.1294790877748,49.1642561496598,NA,92.9760227647257,91.5774965967797,102.269422908435,105.867310150478,130.57757442159,NA,95.0524750104341,93.3647806516085,101.294327914278,126.720687180389,NA,181.183593518988,NA,61.5520104083247,123.208115104398,104.178808732471,87.203195661259,NA,NA,NA,NA,135.850378396842,67.0191409345803,70.0257506872602,101.669662087031,NA,138.21032512527,NA,NA,NA,59.864276966818,NA,114.601543606225,88.2255585225962
2004-10-01,86.8279818144087,82.981656401458,81.6549121569157,62.7806592225029,78.1345953761213,91.5629332640706,52.3632006821509,NA,92.7907741960877,94.0962336168081,103.535756188123,107.028715286564,133.646993481299,NA,95.2822291638068,95.9785084199628,101.883173729078,127.878122618629,NA,178.570107655196,NA,61.7919763707418,124.886056637835,102.917717150675,86.4548917261545,NA,NA,NA,NA,136.027702790938,68.4724928402222,71.5192268973386,102.757454418189,NA,137.611578341227,NA,NA,NA,61.2880135306243,NA,116.824842479005,96.7104519465342
2005-01-01,87.2122211862719,82.7865771255395,84.2659643442919,64.024445446443,78.045169280845,91.502165354274,50.8685666262951,NA,95.1145822028074,97.1090587736674,104.826941927257,109.206726529335,137.279109500347,92.8603576171383,96.7735141407785,98.6578130074446,101.837718137181,130.84620999283501,NA,177.342289998836,121.664331320485,62.6685369967665,126.607389789709,101.714081896273,87.1346042492658,NA,NA,NA,75.6774317755987,136.362108352037,69.2459206439222,73.7490761392109,104.062827139653,NA,137.041643877897,NA,75.1467814717817,NA,61.2376434095904,NA,118.847656545436,103.336142164076
2005-04-01,86.9051067538222,85.4136944037353,85.5047693474621,65.3217232559381,78.6836237284941,91.6868264877149,51.9078824189183,NA,92.9050514862981,100.402722837702,106.151683188649,109.928897481126,139.972958588902,100.8412402868,98.2575283849348,101.441435632573,101.981194400851,133.97820249421,NA,177.163336892185,132.149048467934,63.6460474845258,127.867260010104,100.489879462336,88.4798325943172,NA,NA,NA,76.6618142630504,137.042542482516,70.2118491478182,75.860264507017,105.167974674625,NA,137.878101778568,NA,76.0836931997911,NA,62.1265527438926,NA,121.30585031534,107.824547973799
2005-07-01,86.3408046611608,85.30617704919,87.1518846862437,66.1739126642605,79.9019693618182,91.7917680826064,52.8911515557904,NA,95.0598231311949,107.514063078911,107.50983772005,111.960551203177,142.480130481743,107.131249733635,100.089910857287,104.119017264353,102.465774735158,136.778983120589,NA,179.897357286497,138.36770467305,62.8032324486984,129.017831771573,99.417218302417,89.7158279982249,NA,NA,NA,78.1084852366933,138.130929737382,71.5142479118066,77.5968769612329,106.713251593022,NA,139.63794581465,NA,78.8773234909896,NA,63.7916391488357,NA,123.910432467497,108.904740650679
2005-10-01,86.8375392982608,87.0131691704245,88.9824166412744,67.5842212365894,80.2928600744542,91.4059661302674,52.8872020612479,NA,93.3478179594561,115.526480528662,108.820971287635,112.875077054442,145.910474454419,121.196816108055,102.364708153304,106.544059022069,103.322107365231,139.257487659131,NA,181.734828214663,141.447482054721,62.9313089186794,130.810643914699,98.812210647107,90.1160554697412,NA,NA,NA,78.4755952030265,138.454658168839,72.7313232017474,79.8667536472765,107.717449000352,NA,139.309118802588,NA,79.7652234780855,NA,66.5218024219207,NA,125.61748842839,110.795284961822
2006-01-01,87.8632397406034,86.9183499743362,89.4583653054391,69.4240289586815,81.2946565209203,89.8851558465766,54.5074519669562,NA,93.0685136779192,123.129043783539,110.009330297562,113.780279617004,148.486328717365,127.057270745855,101.503942012046,108.66087684621,104.870296252695,143.345489794348,NA,175.529622489442,144.967047842596,62.4761998609081,132.015882450076,97.9841981271314,91.4407925760094,184.88131364857,NA,132.116393718285,79.1782074052723,139.162407618687,74.8743911467889,81.2124279269295,108.512653705955,NA,138.674728678538,NA,83.3504944111848,NA,68.9280493457646,NA,126.404319427156,114.524465299459
2006-04-01,89.9668494135512,86.1539385245907,91.3361024008822,71.5338575634456,81.9030118122818,88.466404393049,54.7057158019912,NA,92.8247016475162,128.309817477517,111.145713485497,114.774663552605,151.733639286914,129.512135308046,101.782476398099,110.678860439327,106.1887991204,145.423546137298,NA,171.088442547567,145.914974402921,62.1832576947268,133.142780050624,97.2780921214035,93.0018807513081,178.993225061803,NA,142.586882767828,79.6667247174365,140.281971763435,77.212147105474,81.655375983781,108.908884646324,NA,138.249966112495,NA,87.1941277425317,NA,70.014773299791,NA,125.874278103972,118.397749718696
2006-07-01,90.7803292012895,86.8623550460593,92.5488940620619,74.3033008930396,81.9621580895898,88.7299420037766,57.8906461465288,NA,91.8225487724678,130.248078358693,112.055935075566,115.369493981484,155.880745386676,128.709132205438,101.721878767258,112.066463095059,107.32826959275,146.733564020988,NA,167.598926123857,143.965488694215,63.1736379530045,134.034541679128,96.5903073460403,93.6566484785411,186.594033964134,NA,150.2051412219,79.9431062998565,140.019826900101,80.3005538601775,83.6161795623335,108.953615457835,NA,137.380252813962,NA,89.1736262752469,NA,71.0932580137621,NA,124.727460147753,116.477331356873
2006-10-01,90.9490524329544,86.7704666261309,93.5451729467593,75.8077710674178,85.1941480739348,87.2374203690542,58.6272746453951,NA,93.2146563126551,129.80870766004,112.9471256369,116.768114523883,159.62042705887,129.917795493477,102.122623592663,113.386001441339,110.001127188862,150.024621854637,NA,157.100818785001,141.478419451636,63.5873343807266,134.953542683097,96.8732770499934,99.5162013024989,202.643840442742,NA,164.688192558345,80.6121245150651,140.7522668566,83.0006115429407,85.4173981625487,109.762648130523,NA,137.270849448106,NA,93.6985901248529,NA,72.7343946523956,NA,124.150385667992,115.057538964334
2007-01-01,91.1638611393865,88.0447264208349,95.6274142063531,76.8908259438487,85.7847610598982,93.749166372988,61.0951821163685,NA,88.712027376622,129.829603281983,113.545466309562,115.85273496638,161.124200573974,123.620292920475,102.019237719122,114.135812937454,112.399157136347,148.691255741297,130.095716879655,147.961598150295,138.616748066378,63.3663693929638,136.077195614585,96.6482256164988,101.251747836994,202.423794945423,85.1565594990993,174.81012250676,81.9865294169666,141.913138554805,85.6867780539075,87.8877073556681,109.832755962629,NA,137.254394147601,NA,98.8473028183117,120.289049792518,75.2291601255719,NA,123.801682787258,115.654622961306
2007-04-01,93.3416921440659,89.1167932469931,96.8784043395157,79.296145176966,85.5502850674136,92.0305961487965,63.0805996412992,NA,89.8901544397071,128.883482666945,114.113376338592,116.594571496375,162.592596954977,125.358661690782,101.671048244347,114.483596416835,113.882710794506,148.783202533068,130.732406022245,139.233137347793,140.74370704764,64.8185841014651,136.948506762024,96.3630290647666,101.329090763125,198.349717246044,84.5191653102372,169.05769275595,83.8820851356752,142.582880889073,87.3071924401706,90.2576510425048,109.980818775037,NA,135.230294061168,NA,105.038397706886,120.936949169215,78.3087824513957,NA,122.493343426238,117.928863703015
2007-07-01,95.3961534479514,89.6579825168499,97.3888728282815,81.2396703399649,85.3016092009479,91.2928905639785,63.4592182972409,NA,90.080193134514,128.704277729253,114.782121720642,117.047443031298,162.925838050609,121.571357717652,101.560363844178,114.941886104757,114.918278820936,149.402372103903,132.469754259593,133.216511985567,144.246418129008,64.870679609879,137.730215329067,95.9751109264152,101.999482698117,182.414877060022,87.8642741334727,169.432216759704,83.7709950298646,145.217223814287,87.8339087986343,90.1973820510733,109.473035545755,NA,135.144105708854,NA,113.115665187828,123.392087708868,80.3960602294203,NA,119.991427661053,117.702661060051
2007-10-01,96.7830340935938,89.0994219730854,98.0340248449176,82.319892926394,85.2552818909051,87.5452718310567,66.3396719575123,NA,90.2038263466599,127.072624709573,114.931155765524,117.14480811318,161.373464830486,120.436023250434,101.254317164448,115.923008280631,115.281983321875,147.981026010786,132.394911723359,128.520008395157,146.027828112165,66.4727764978139,138.523983136177,96.3908242026744,103.416659887849,165.420639050222,86.5006232225837,166.181272590193,83.9498652102767,145.986807037282,87.6047944418403,89.3897496376637,108.724247014724,NA,132.012060767078,NA,121.018623167002,126.729704374742,79.2503559105279,NA,117.168241221089,117.943638477881
2008-01-01,96.0762565146713,88.640083603418,98.8149733280903,83.3613831213364,85.9585598501173,87.8465014881495,68.6786674904777,141.357765731358,90.7754912225835,124.837776550176,115.576835327581,117.025128215592,159.398797334894,118.731851780631,100.689660387765,115.788619286958,112.909615018151,147.039027434516,124.818428661377,121.434336290319,145.15251278621,69.5229361182046,139.352353914162,96.0559484150851,104.816968878132,158.997880839839,86.4450743149571,160.140931681286,83.8569906638935,145.336592561977,86.9556631679119,87.7744115003592,107.374590438313,NA,127.885210092286,NA,128.533657988404,126.420213944574,78.6947210682845,NA,113.615567193588,111.263785154744
2008-04-01,92.6144899540281,87.6907532663382,99.51781103636,83.7980429533855,86.3877861078677,86.7582720372908,70.7248414984095,143.569109773911,90.2261384568358,122.201800939085,115.364186864398,115.77019771645,155.577865325888,114.421038046193,99.7100366125267,115.055390769312,109.393184280651,146.097295257945,125.143853154109,114.882713399965,135.981127081763,71.9220231874724,137.485294621403,99.4359470397943,107.328794627486,153.887537436734,86.9900438255071,149.747849177147,84.5060985322322,145.189075034233,85.4203662897284,83.6323595379937,106.070986296821,NA,123.628301987892,NA,131.913082902615,124.109855318491,78.5832047861615,NA,109.951703094976,105.981107764376
2008-07-01,89.1780269150744,88.8902082498947,99.6261282144222,83.0955303067415,86.9389824541217,82.6453738594219,71.5295458885136,142.321071117868,89.1371675450287,117.702857131415,114.329610914809,114.103562265057,151.699038860629,117.533940740563,98.1376208427731,113.215157455805,103.44126674223,145.107261241762,123.27356119243,109.157709839807,124.2723444467,72.364735728756,135.625328442747,97.7774355152723,108.330204161089,145.853745043371,86.2954137045077,131.055838549724,84.8331997346125,145.973308821604,83.3782907477308,81.492807609544,103.770328137098,NA,118.87004058387,NA,124.75847183757,126.309215233973,77.3129793256864,NA,106.545761451538,102.079595745752
2008-10-01,85.7754786856673,90.0471244322032,99.2786608708271,81.2715831704473,87.3272335899755,81.0120593465071,72.4080679621335,139.074323634297,89.0684275011452,110.153859996943,112.389962997411,111.984047682581,146.309134922666,111.391812454637,94.4083457036365,109.536036679923,96.4673944621141,142.785454496454,120.762405446898,109.029142836974,115.209321344181,69.899175955158,132.813159700263,94.8615169949504,106.75358371292,135.220785612991,85.5123246053403,112.007699495759,85.481520554874,142.311131727161,79.0185965302096,79.0351562936167,100.970682613413,NA,120.392911899439,NA,118.673946455222,121.336225486189,74.2551837943498,NA,103.212340329273,100.53637347834
2009-01-01,84.6972389872993,89.575583358927,97.6173402467125,78.7339733097486,86.1818723261918,79.6207464327623,72.7501492826182,124.911417157665,88.7805145406028,102.548561501527,110.420423954905,109.998719426357,142.064049181222,99.7600420390365,98.5061038561546,105.537200554447,92.7451843507869,135.96541584129,116.319316321797,127.947351549902,107.076078575905,68.4563246198275,130.097513301339,92.2180390500276,105.494539802384,111.463009025709,83.9425842882062,95.8442914136307,86.1568181742184,140.114833502638,79.6189783323991,78.2382164909146,99.3564942877555,NA,119.850715039072,NA,108.239885007701,115.239641044836,75.0175741833913,NA,102.40819823314,98.4176959087303
2009-04-01,86.5650123103409,88.7766665985131,96.0742456947823,77.3666301339015,85.184929064539,81.9448700440345,73.1941165215123,117.714045634318,89.2781195592555,100.803260868745,108.310122147349,108.780805177856,138.937911404517,109.522017135877,101.676831005367,102.518700728923,92.749585407441,135.087625954963,111.840195790449,142.110449596615,100.545587162845,69.8144882578618,127.670942493186,90.9829768495009,105.457907309888,113.682001462375,83.1741648665871,96.854692218164,85.8950018706957,135.872818988053,81.1254685718074,79.7054128487961,98.2054609725187,NA,120.064871590859,NA,102.104612592597,112.745543187958,75.6778796723204,NA,100.57929392018,96.9499430168528
2009-07-01,89.7565321373778,87.1652181351642,97.0367830197194,79.1644370937349,84.6673113706419,85.8651751023045,74.5020455977786,113.926356266527,89.6186566827324,100.45131383876,107.583673419189,108.247791607805,137.34774179176,103.934363851307,104.903302718703,102.151159583289,94.4955634562093,132.972036761824,107.008891769329,143.488818545073,97.4820890640114,73.1371974457077,125.726946344024,91.9351054042081,106.385847568417,117.274691353179,82.4093795726076,102.423246577327,86.4408402171378,132.48471769713,83.476694561388,81.3040179465183,98.3328864485872,NA,119.489300628386,NA,106.381496543627,111.425901269096,77.17412655147,NA,100.023672904194,96.5659882299201
2009-10-01,93.2117409991771,87.127350021456,96.5833496149242,82.2223975380729,83.7291197736304,87.8873677465927,74.8885022518397,111.381336162895,90.6421828451662,101.76490682914,107.488029393485,108.44750023695,136.893883857862,111.398569153823,108.06147693182,102.840668184674,97.2442342731534,132.588601973824,103.879260139563,139.006075396881,99.2249115740638,76.9656516938191,124.652684264626,91.9327568813669,107.064914793152,122.690597044327,83.3276347206403,108.218455701345,86.9707858573831,131.777277073969,85.4434858123657,82.4692868582775,98.9576632034572,NA,119.435119902645,NA,100.21923001307,113.702330376734,80.1496288066418,NA,100.313401223513,96.8951346790337
2010-01-01,95.5474824873484,90.2633642853792,97.6018879343988,84.8090089909339,85.1245306435644,86.0744528815031,76.1184142462134,107.947173430441,89.1782578233802,101.920534550677,107.31233305460199,108.154719648457,136.225498898882,125.646643318601,109.055069200496,104.588646732836,98.7233633133146,130.254559917534,104.776474555086,130.682261279528,96.0820822488398,78.8335770502227,123.660713890067,93.0320288968291,107.125722126047,132.381746911051,87.0728583502263,104.297567655329,86.4601412484652,130.590671261245,85.4237024318108,82.2950706137033,98.9814322295372,116.728725519626,119.147212606529,155.989889937041,99.7547419191865,115.229985572231,80.9417877434526,79.66845088648,99.6265580836216,97.6010164325495
2010-04-01,95.9989348771618,92.5891863607653,98.290905157252,85.8899674926755,85.3508845331091,88.9739921165316,76.1802478217386,106.441883850955,89.5386691685562,101.058890283897,107.693514741223,108.44883501318,136.168695183374,126.377919611537,109.2071093683,106.029394281017,98.8307636225173,126.925631023373,104.151698873254,120.252024563274,95.0017955990427,80.6135329508198,123.884592183114,93.3983039843755,106.647150931039,134.862366787547,84.6491998173582,102.942582395192,87.6745727683853,130.408916257321,86.2450276680596,81.1123468496904,99.0464734324711,116.252789325474,119.063989058351,157.593301321777,98.5003340868823,115.019482453303,81.0506787441296,79.7024569911047,99.1594966292195,97.6657407098016
2010-07-01,94.4528440977559,93.5006310924353,98.9281863855796,85.7634475562092,86.4694036357498,89.3541641959985,75.1341602274061,104.938736443112,90.0255617849381,101.21892154006,107.661392283188,108.459009090582,133.729952785285,127.126512168203,110.658041856103,107.326015064032,98.7398851702006,122.525660708154,103.305663336888,111.521906054441,94.3057946481343,81.9576155084168,124.295973731134,93.4908322621374,105.806113306517,130.206107543035,86.394781791921,103.129236278295,88.3769624298878,129.802156425846,86.9047135416589,80.0755780924101,98.4278456452981,115.92498878542,117.957245293275,156.019346353332,97.5717058051983,114.952427704265,81.7538396203059,79.9978068880214,97.3510699595077,96.4635701907205
2010-10-01,93.3226846209144,94.6459036707004,99.955895848442,85.1277593169517,88.3431942813196,89.2475269572051,79.6990464114856,104.401508139886,89.0308324172375,101.448123256079,108.138567782698,108.314754343882,133.300674275784,119.899328774616,110.803598895485,109.265817133395,97.2414424658263,121.209224010931,101.750152987884,103.996134364142,94.2746612292209,84.6221934008338,124.238731895624,94.2364886630149,106.184710545363,134.906482757122,86.3781304115057,104.905737073575,88.0883143962522,128.516302461987,88.306159284953,79.8192637981464,97.9405131275683,115.143664623421,116.485682387687,156.036132350191,97.8254070223531,114.925575282371,83.6293028095785,81.2330894209005,95.917784720473,95.2091192963861
2011-01-01,91.8117052418066,93.9835500803792,100.633924870767,86.6858951894338,88.7966177852471,90.2774614746255,76.901610996965,105.525725362069,91.3186484428775,99.7778891073737,107.944940926568,108.712764786772,129.879251180849,118.536109135665,109.732351232225,110.620150226012,96.1155897785284,120.75617155585,100.719592959152,96.6588554878875,94.0730019324499,86.5021505803351,123.477385026833,93.9806043420638,107.170733312229,139.078845049179,86.5228820616331,109.007484638803,88.2541378311309,127.810886678194,90.5217544322302,80.0443580441085,97.1925588273889,114.657082010498,115.454472851591,114.01388018373,97.6269904705831,120.38123444774,83.0568439014883,81.9967770269701,93.4191425438493,94.4336816718835
2011-04-01,89.8271453776585,95.0814458625214,101.236679562299,88.0523788597012,90.5533142322154,91.0533290259029,79.6507938938824,104.415403303492,91.4962076644693,99.1247831164878,107.716716788048,108.555623199713,126.292271665672,114.822140851319,110.447221103547,112.119707201794,94.9023228620534,118.931286617441,98.6689461279325,88.0567066957767,94.4609656017448,87.6641173716597,124.692788850743,93.932902665167,107.434601752271,136.136047088356,87.1684697374411,109.903439403755,88.1435873104009,125.988884465936,90.665696367795,80.2112487465768,96.7110987142345,113.725256821161,112.640959105113,115.077003283006,95.9256090068143,118.769333515498,82.5270920601404,81.9178209900062,92.3647938762744,94.5293539226584
2011-07-01,87.8068242474373,95.5336568723368,101.901147042456,89.525118012372,91.395634423402,90.6736299237768,81.8623523171919,102.351715517111,91.3428685417512,95.1429570346786,107.332942369861,107.708406189291,121.595356076299,107.978758775244,109.922752855027,112.59865553363,94.0170264116853,116.689418786461,96.5558668004444,79.8904262715669,94.5592377582586,86.6775637710167,124.001471790894,94.1393137495692,107.665920664494,139.220824264029,87.5725533619155,109.994908235781,90.1544517698139,124.654715966371,92.0182055495126,80.6411587442073,96.4442550173131,111.835899357165,110.546432185617,114.174103807567,96.2101178244459,117.749789107902,81.8421080223593,82.3953242573421,92.1273746399355,94.6303118579029
2011-10-01,85.479382608838,96.9260654285206,102.142591367142,90.3305817958645,91.77179127286,91.0927063819041,82.6628423982535,100.427022657151,91.5547554518969,93.1977126996393,106.345412887702,106.378851480169,115.340665976946,105.212844389945,108.939433045396,111.977962960384,93.425455002735,112.915708454942,96.6225130655518,74.1534148522021,95.4611368417862,85.3978501436231,122.656901537187,93.7108942810481,107.308748870699,140.29523234975,89.2014063344205,105.457523434752,91.5174279514709,122.009926290125,93.2159141271339,80.4618689749959,95.8264486254311,110.398118029507,106.693885622196,115.118378173365,95.0600836277735,117.512629350687,80.5620387191153,83.4374815591725,91.4810067359001,94.5140768541529
2012-01-01,85.5967026196995,97.6458707124813,102.751042903168,90.9969697882588,93.0191691866639,90.7882674268837,82.7886391061802,98.854256754215,92.2336537592058,92.4470688544471,105.811870483352,105.441374384856,110.531335266893,102.611185318045,109.1432893463,111.148158918312,92.8969803421334,108.565334362794,95.1781816571555,74.5352449812663,96.1758265907008,84.8709787033894,121.76565840894,93.8602881321151,106.465408131934,130.915256299055,89.1434289413974,104.75510172831,91.9330586538326,118.736488097058,94.444988688487,80.8731843423837,95.5805175327376,108.980823323333,104.540187592042,120.920190861371,94.0380945114204,112.991840173003,80.5714393422811,84.4574894587991,91.3869928693423,94.3833497670281
2012-04-01,84.6805759428189,96.877588157792,102.373697912374,91.8054354223659,93.8974158027544,91.8991770211589,84.7673870365744,97.583108797746,92.504274312387,91.1579553143574,104.659310145578,104.084814180768,105.558781892133,99.9314115883967,108.519102991971,109.98448013653,92.3506437397244,107.308072222054,90.9489155893422,74.4007355831104,96.0001239668406,85.2147210481136,119.425125037006,93.2715156475557,105.00745883994,126.414740747,89.6288112042213,101.534039790072,92.2155085547251,116.633672606301,95.0963876760002,81.5122320773399,95.4986043539218,106.777520439143,101.355194653188,123.707664236623,92.9470202015099,113.48195914061,80.7206325460651,85.7150196818943,92.4039174690238,94.5048633187639
2012-07-01,84.4369110799421,98.420294601389,101.93400107823,91.9175215186878,95.1847339518331,92.6826838578682,85.5595162815256,96.8750622509714,94.0384074723933,91.3608041513549,103.188540592061,103.126612323732,101.525486442027,100.50806268617,107.842204015158,109.045739589291,91.3874631125737,104.766432082799,89.6912843567744,76.0670166029139,95.7896205722767,86.1436291956147,116.645201660962,93.2423623294048,103.560556409425,124.012445096395,90.0584045174121,100.274588993836,91.8460621471686,110.48288004437,96.7037948467556,82.4303062196447,95.3690550939058,104.922125803248,99.7936320639496,123.400363788407,93.3615167774815,113.080024820674,80.7457418345939,86.7090011989755,92.9368160933431,95.0564887173681
2012-10-01,84.9077501661347,99.255037233082,101.632375278661,91.8263529996394,95.5514471683628,93.8495806688321,88.5997815896649,96.5149360058592,95.0000539324348,92.2502118897214,102.69203711972,102.642180578934,100.290523516388,101.001955837945,108.18387103623,107.934082357299,91.0152820424605,102.153536063458,88.2512701631106,76.7798090124971,94.7108394416522,88.6490826525143,114.142466167043,93.8676806501946,102.294165127265,121.110475573922,91.5501038522684,101.779070010003,92.3820094613475,110.535196963674,97.6675234331007,83.9900351352673,95.5449857506277,103.340020866062,100.024834466672,124.913918862997,91.6459704359851,109.472553027838,81.4505743724712,86.9765716121281,93.607473846752,95.3285819289796
2013-01-01,85.3203960856272,99.2293174206806,102.592276655347,91.784645951755,96.3282313927357,95.2628794164028,89.7517400596766,95.9527021727656,94.7096852390764,92.6199831849411,101.402262421367,101.127730892617,96.2428064060915,97.4944930781071,107.479544471897,106.881900442343,91.1046599667371,101.004952679118,87.5686928946565,74.6728946042543,93.8118061951135,90.7441637349066,111.1605710632,93.694491210859,101.113257845377,123.323754709974,92.6967860997054,101.591195655693,92.6829301126639,106.602121316742,97.7691857765093,85.337964379677,95.6250369609577,101.009887475101,97.9894742982348,121.884367843481,93.5597053220651,109.450669606595,81.9097905415254,87.8665387304072,94.9209864827177,95.3754000535205
2013-04-01,86.1815767951528,99.5245243345357,102.304078654295,92.1506160627245,96.9972033939957,95.7852438263939,90.0927273592785,95.8121080639726,95.4703947395329,93.4057844611707,100.692676301541,100.571423829139,94.4518993180543,97.1815123863103,106.874602681419,105.953360599221,91.5075325198346,100.776916905051,87.1510524933964,75.0347632699455,93.9529396922655,91.0503544293008,109.734979740303,95.2570541147374,100.810177590156,121.676687011345,92.574825638297,103.039414429383,93.9114452220097,104.189753100353,97.5833284465456,86.9014219441313,96.2574479408847,99.850223135435,97.3886357725945,120.957633761464,93.6080038363841,109.409442616486,82.7104584154518,89.0776054352044,96.2680472414297,95.615928065754
2013-07-01,88.3643838415799,101.335037941295,101.911822551955,92.5964637092216,96.558172222357,96.7550910917343,90.3001186414287,95.3761514016897,95.2749746645815,93.7798058071154,100.114262574897,100.005803679812,95.1336247141659,99.2674142062021,106.435128013445,104.762165296671,92.0009526388042,101.48142549888,86.7308599762807,78.1798043542983,95.1872105022537,92.3338332805861,107.710915726008,95.9937864010262,100.0985147448,115.123019001193,93.7083669258503,102.998527359357,93.7809068376833,101.720166378973,96.5483183169402,89.0398073388747,96.607493135725,99.5329896915608,97.7956825666399,118.861600181909,93.4980245578225,105.253409683686,83.6695718241467,90.0860851970261,97.1589494932224,96.3657062812674
2013-10-01,90.6592936856597,99.9860791216244,101.309124710823,93.4689189584413,97.2645769243276,96.8088118580538,91.2442146797265,95.0296033308175,95.0855361542461,93.8234548357601,99.7958458662061,99.704819962304,94.6324758781409,97.8460717069117,105.486988441471,104.44145942988,93.2906260153399,100.905558346148,86.1486911052307,80.104378886689,93.9180164040802,93.6696677822145,107.041702071482,97.0755040768648,100.042879789943,117.356612862329,94.1645253455353,105.118177329715,94.1107389853005,101.011398025351,95.4785718925357,89.9016764022183,96.981674878192,99.4575810715239,99.9428852533194,116.941359012105,93.7218965273457,105.915949393983,85.3557711371077,91.1737214517222,97.4971852783949,97.5314013985605
2014-01-01,91.9024335107669,100.508058942597,99.1732517346174,95.0099765058734,97.3024619071841,95.5270403691557,93.5366035788622,96.3361271994394,96.0062546532827,94.066730953299,99.6764222408932,99.6955419634234,95.1831324855525,100.828730531163,104.3805101271,103.717392538741,95.0764960516139,100.492682887794,87.0789358336256,83.1674328693488,95.0587612651217,95.7440007113388,106.365547906418,96.8501375661674,100.211620466544,115.903941357638,93.6738465543147,105.979595975344,95.2903051751862,100.60177719381,95.4432813491736,90.3968461523568,97.4240345216778,99.4573986937072,97.8719480783821,113.779473979305,93.5123678151853,104.045170179432,86.9463341419561,91.8208930463388,98.0170034514662,98.7475790097599
2014-04-01,92.6790767532259,100.1471396377,99.3303079298229,95.5740987123984,98.3815088699413,95.8777243762472,93.7764191789009,96.7875030107248,96.6583814573136,95.2870836507068,99.5123730833973,99.7355936580451,95.8099337692392,99.9917301432552,103.441470936224,103.276367899706,96.6897852667385,100.515364675177,89.2566867678409,88.1599727214533,95.9430094027322,96.2728053254427,104.711754914685,97.0123341327099,99.6820661480227,115.11528315019,96.1742160513965,104.995642418552,95.1125496642349,100.8485122033,96.377107165817307,90.9734932033131,97.6711125466383,100.539378253791,98.7184476886202,112.099357650103,94.5863143265054,99.398375410882,88.4424839618768,93.0129797806485,98.0034213429058,98.8877502719044
2014-07-01,93.7596381812052,97.8574631266718,98.8375875725281,96.1425141961074,97.8394094298716,96.8248986831722,95.4410383178266,97.1022635827104,97.1930800465767,95.3578175977701,99.3205448024051,99.4230022895205,96.1520104289146,99.5564420449643,102.577802807708,102.390441076687,97.8351592070384,100.400353997241,90.9408724912027,93.4879776208905,96.0399859952564,95.507205735667,103.315767796168,97.4142603898604,99.6155697752182,113.942754186141,97.5920575240734,108.666378711779,95.7826955614515,98.7267437857331,97.1628344745969,91.2062678396086,97.9618343479924,99.5675359861856,98.1816040427298,109.493342508657,94.613639099919,100.369861713772,90.7618784623731,94.834381388942,98.3343129533995,99.122329163216
2014-10-01,94.5726674612317,99.8050226339355,100.194309510714,97.2661006205563,99.4197814162718,97.815268824917,95.4742157860734,97.7725524849424,96.8259551690156,96.3849178190667,99.2229279803498,99.0854495402607,97.1510680481021,101.289962080084,101.585204239092,100.858857277897,98.6202053230105,101.425286843807,93.7625036683142,96.8124871482383,96.9799766936552,96.5959745604718,101.970118074138,98.2320575564811,99.4923664145074,109.985247451572,98.3663115974944,97.3285307052151,96.9635402346596,98.7668421436719,98.4207074305213,93.6423295392564,98.4064577542757,99.6842085093935,97.6719320124335,106.442593534961,96.9170655789602,100.850478036665,92.6830036213772,96.13357839727,98.8272917534726,99.2590558887625
2015-01-01,96.293248143043,95.2321094211173,98.5494973051787,98.5178375999467,99.8315832601283,98.5059129812758,97.1818501591767,98.6063171018509,98.8695466532911,98.9237540240441,99.3908384197035,99.1245968857255,97.0888896590582,101.85473831654,100.832724862533,100.338368417654,98.7885463650351,101.386964388066,95.5279140033643,97.6339794124427,98.9331481546613,97.8844520337767,100.244137203682,99.3235853315462,99.3357994420498,106.622151138289,99.0983472237568,98.7710266052256,97.9739446995456,98.9611784233706,99.2161505715489,96.5422503387904,98.9814893117318,100.258711454504,97.5924581311858,103.922463366109,98.5652514844149,100.757340736291,95.3527410407666,98.0169292426492,99.3128409440739,99.4503035923346
2015-04-01,99.8757225958232,99.3020126547978,99.9270333170334,98.901566736156,99.3951667916571,99.6096418107382,99.8121178806003,99.3121337042587,99.6909627755841,99.6385711134581,99.8242446683219,99.8310947898413,100.118733775868,101.967318421262,100.061429423576,99.8815251169179,98.9976115246841,99.6212244612763,99.6290438737079,100.062635299587,99.7285146752237,99.3390511721586,99.6796829644252,99.6779663339459,99.9588077994686,101.958685031114,99.649564352584,98.384515052805,99.0722415429398,99.6726672968712,99.8751639276504,98.8248931742915,99.6814391485093,100.397377190102,100.471402713982,101.689269816535,99.6789028222183,101.839805195027,98.6085146726203,99.515306897599,99.8054422635592,99.9469135843962
2015-07-01,102.255461279229,102.601078378861,100.624697397996,100.267626340435,100.052522538697,101.76059700791,100.968401861733,100.643542984965,100.183517227627,99.9730339419445,100.118093742459,100.289385189282,100.904023340128,96.8286808828047,99.7153047178437,99.8282889930138,100.283890144887,99.240683870529,101.934403886358,100.34890343996,100.085780899793,100.426347380979,100.369157688509,100.477038542233,100.255686101544,96.1779104403892,100.816202430177,98.6484503715954,101.554852290667,100.591880097056,100.382927046129,102.741649766025,100.389373409812,100.111842551615,100.341874427187,98.3568729626861,100.106554113282,99.4812001486221,101.674598091657,100.531830936511,100.12609120442,100.152890150257
2015-10-01,101.575567981905,102.864799545224,100.898771979791,102.312969323463,100.720727409518,100.123848200076,102.03763009849,101.438006208926,101.255973343497,101.464640920553,100.666823169516,100.754923135151,101.888353224946,99.3492623793931,99.3905409960467,99.9518174724141,101.929951965394,99.7511272801285,102.908638236569,101.95448184801,101.252556270322,102.350149413085,99.7070221433843,100.521409792275,100.449706656938,95.2412533902087,100.435885993482,104.196007970374,101.398961466847,100.774274182702,100.525758454672,101.891206720893,100.947698129947,99.2320688037794,101.594264727646,96.03139385467,101.649291580085,97.9216539200593,104.364146194957,101.935932923241,100.755625587947,100.449892673012
2016-01-01,101.896027380735,105.319239548863,100.721553604194,104.335258759667,101.616573765362,100.766455872108,104.808118349211,102.350207311221,102.528701810541,102.333152569796,101.345676486507,101.57251770757,103.296234997793,96.6838808967186,98.3866539916296,100.208797420502,103.716838279065,100.778386525333,105.240608067819,103.200967175442,102.404790495167,103.864599235046,100.070535659516,100.99874624078,100.171203854664,92.3235301172766,102.476340597108,105.653205415752,103.790864998967,101.337757374931,101.639904730869,105.49893844415,101.75556542368,99.8316569359337,103.089644259078,94.0470393141824,103.39173715650401,100.169504777487,106.203643766421,102.547059726619,101.291984404304,100.706050177974
2016-04-01,103.169339982017,105.144444628042,101.478418234764,107.420250415382,101.392693653318,99.6928911103446,107.023950641989,104.163732844267,104.202664614195,102.244635650838,101.979993975891,102.298055137996,104.066247966349,97.9289206525347,98.569017775571,100.244210311849,105.006041442449,100.525045666146,106.296777185441,103.973743288829,102.573893657404,105.284398435471,100.042637179065,102.879552668467,99.8933552124784,93.4257766579237,104.229991177101,108.624762774091,104.726436752723,101.965519625589,103.480919681086,110.186814203517,102.562930607823,99.552736011678,104.863178932965,92.7393125364168,105.235572831229,100.405704893115,106.291472868061,102.867003844095,101.785902791886,100.889865016679
2016-07-01,105.095230787222,104.969656173974,102.024085020701,111.075572355459,101.792252348964,97.8263367469789,108.138867805418,106.132798715228,105.454215103245,104.529093485905,102.605227483615,103.081118846254,105.056260453768,99.3475000676094,98.0181030037269,100.83475223684,105.620147843121,99.915007890976,108.202308974817,105.098357054609,105.803781901445,107.179801425858,99.9915758129049,102.589159209548,99.561380054299,95.9998695465245,105.991762075908,111.690941719557,105.950345691558,103.517472878864,106.349587850552,113.271564597913,103.31548751183,100.883304007056,106.161049937897,91.5467556159852,107.277834764287,102.636784355386,107.97776936783,103.778856505439,102.438525701076,100.632361182176
2016-10-01,108.696903043226,105.802066005113,102.509402365064,114.0625714732,100.36021072729,100.382382060038,109.532038855391,110.928326434818,106.601065543098,104.056145039941,103.320910093116,103.798941526836,106.430683796354,99.317935223484,97.7861515007345,101.2028234828,106.338123743274,99.6316082757687,111.345449227936,106.40718132504,109.981057619009,107.907450763123,99.6942470242216,103.609001575234,99.4392517615315,99.1303434759537,107.743663481029,114.105265852541,106.379521005381,104.659767852454,108.492938107612,113.675511321672,104.154713089531,101.898295160208,107.14547758934,90.5267796943405,109.852067676657,103.121520528759,110.301090730918,103.983202710115,103.085744298217,100.369625742289
2017-01-01,111.551955778443,106.001500079863,104.09206420382,117.403190338451,100.990221801279,101.791684279084,109.018874888495,113.284808032095,106.07733160681,104.36674351967,103.692215253475,104.323715399607,108.513130447465,97.3284213281955,98.1816690237916,102.532206474023,106.945509271106,99.1466991680264,110.085537532992,108.947187198967,113.924789585582,107.811442787464,99.2506564961036,105.175086716786,99.221051574462,100.933143758472,108.630588940679,116.836602175543,106.664221600638,105.987131634285,109.348774713955,114.577805476788,104.881977152028,100.745503596254,109.655167492319,88.700537270646,107.092363717511,102.463046972257,112.289855459589,104.289018659416,103.684136723438,100.301792263119
2017-04-01,112.921767511521,106.083198884839,103.315472278065,121.342002066755,101.788614190886,98.8824016943319,109.86217571723,115.608248220709,106.773988793682,105.837886176465,104.248029963522,105.017789058588,109.678269578784,97.8465253419889,98.1789122720182,103.133662240468,108.396463672228,100.60689133167,111.734071885115,110.896578786181,120.491859279506,108.563646863083,99.0025365997891,105.379668394901,99.2676241071643,103.876987991409,109.643137158671,119.816425888991,109.215245507045,107.544778287177,108.364345668418,113.845757699419,105.790645901276,101.158346986257,112.196614433628,87.7259773260977,111.920045953806,104.305646305373,114.512886927606,104.796826132675,104.639069634882,100.009349582757
2017-07-01,113.210175878881,105.709970259057,104.624223041232,124.264981315918,102.456840529,98.4666250509459,111.437043813135,116.902626321667,108.22106430461,107.490583860418,105.122693867406,105.991520925614,111.527302878017,96.2267218226808,97.5261740909015,103.93775095404,109.749401634056,102.381635607953,113.145856776673,112.687919700226,124.924406822942,109.451079383681,98.2882729474695,105.43879937573,99.4457886326553,104.463438019831,109.838690754527,120.946345185612,108.518352928647,109.34325903061401,106.892460834832,114.405559845457,106.441833071545,101.390587288535,116.045967329551,86.9660464466085,114.58222672201,104.907144826424,115.187962369242,104.474464988736,105.311932284378,99.7599916708187
2017-10-01,113.302445121158,108.049393430294,104.990479175231,123.6892622367,103.46138360847,100.753628618155,113.779914215097,117.418736417251,109.64003124485,107.105374761132,106.03377143,106.977161113122,113.24666159454,95.3891662800061,97.0130849265412,104.268919331595,110.683347384307,103.762888492062,114.559713495184,114.672434236746,125.023856959723,108.389481372665,98.1851486771203,105.779724301949,99.5425204316739,104.096806317778,110.810030564193,122.678757955085,111.407741534056,111.780998232057,107.158460856153,118.079951633867,107.266306484429,102.226263886382,117.763714422351,86.6692333777494,115.866184324974,105.384439724102,112.701941748529,104.764099540045,106.242254770912,99.1291978099817
2018-01-01,112.872379019644,107.246930741329,105.584359001883,125.29269170877,103.111142713741,NA,110.361273089121,119.195775634933,110.111191251144,109.057255963871,106.791948333729,107.811064417126,114.069717298474,96.9976857418171,96.2702101979789,105.192503410295,111.115572572042,104.840561344459,116.871044023758,117.3401511055,124.515607201003,106.661958100692,98.4939963573238,107.00278638476,99.9961595252619,104.288075202698,113.816402072158,127.757001483815,113.276201599106,114.047876730961,106.344793481612,119.626364179466,108.145243658046,103.473234195747,121.857955627632,87.6275242365087,119.162852489762,109.817404593711,110.905584069902,104.708659290444,107.275366382774,98.3524684259091
2018-04-01,111.525393089089,NA,106.223635380488,125.160251060304,104.036647962123,NA,NA,NA,110.083143311956,NA,NA,NA,NA,95.5928129755007,NA,NA,111.823018010388,105.921536121897,NA,NA,NA,106.763901376677,NA,NA,99.957731547122,104.731173660111,NA,127.015121172089,117.093422644116,NA,108.228344357233,NA,108.548193734553,NA,122.696792397692,87.6009227474998,NA,110.639239812335,NA,104.71388863777,107.52248792488,98.9976648536662
